customer_id,customer_name,customer_street,customer_city,customer_country,customer_postcode,customer_email,customer_contact,related_id
CUS4650508150,Guenna Aylett,5240 Parkside Terrace,Pantin,France,93691 CEDEX,gaylett0@dailymail.co.uk,217-966-5056,N/A
CUS4251676912,Hadria Valens-Smith,09 Corben Drive,Lab¨¨ge,France,31673 CEDEX,hvalenssmith1@google.com.hk,839-506-4158,N/A
CUS9267696068,Dar Benes,48123 Green Crossing,Abbeville,France,80146 CEDEX,dbenes2@stumbleupon.com,850-566-4513,N/A
CUS3712301669,Ron Wigfield,614 Eliot Trail,M¨¦ru,France,60116 CEDEX,rwigfield3@msu.edu,259-168-3070,CUS1713550946
CUS0510573673,Kariotta Cunio,385 Green Park,Carpentras,France,84204 CEDEX,kcunio4@oracle.com,265-180-7317,N/A
CUS1341801934,Olly Lindup,0 Forest Center,Strasbourg,France,67928 CEDEX 9,olindup5@infoseek.co.jp,917-496-2710,CUS6230833417
CUS5071448645,Min Prescote,2397 Iowa Court,_pernay,France,51209 CEDEX,mprescote6@smugmug.com,281-868-9123,CUS4743094178
CUS0663279968,Rupert Lievesley,4 New Castle Park,Saint-Marcellin,France,38164 CEDEX,rlievesley7@netvibes.com,316-130-3380,N/A
CUS8787145480,Roderick Campe,0567 Clemons Plaza,Cergy-Pontoise,France,95897 CEDEX,rcampe8@europa.eu,531-108-8678,N/A
CUS9969399977,Elaina Cardinale,40 Morningstar Crossing,Cashel,Ireland,E25,ecardinale9@cafepress.com,906-262-5028,N/A
CUS8565490017,Vikky MacKintosh,498 Holy Cross Drive,_pernay,France,51209 CEDEX,vmackintosha@walmart.com,294-979-4856,CUS7002152815
CUS8704494261,Laurena Sturr,434 Kings Center,Noyelles-sous-Lens,France,62247 CEDEX,lsturrb@china.com.cn,532-315-5306,N/A
CUS6282311217,Charmane Gegg,314 Barnett Road,Rathnew,Ireland,R35,cgeggc@europa.eu,581-368-6703,CUS7951920134
CUS2726733735,Gabriela Warsap,29 Lakewood Gardens Terrace,Vineuil,France,41355 CEDEX,gwarsapd@irs.gov,314-666-5987,N/A
CUS8509993262,Angelo Shelbourne,15315 Melody Way,Lille,France,59784 CEDEX 9,ashelbournee@pagesperso-orange.fr,451-808-8850,N/A
CUS4032403325,Randy MacFarlan,74 Sloan Road,Cannes,France,06403 CEDEX,rmacfarlanf@geocities.com,766-341-2934,CUS7115252505
CUS3559543533,Annmarie Capaldo,890 Pearson Way,Vallauris,France,06224 CEDEX,acapaldog@liveinternet.ru,402-751-1356,N/A
CUS9137941305,Brittan Cretney,0497 Bobwhite Center,_tampes,France,91154 CEDEX,bcretneyh@sun.com,312-170-8120,N/A
CUS0544536401,David Castagna,025 Holmberg Street,Levallois-Perret,France,92592 CEDEX,dcastagnai@devhub.com,985-161-9594,CUS6634254907
CUS0131688952,Lia Marginson,48 Duke Point,Paris 01,France,75038 CEDEX 01,lmarginsonj@studiopress.com,838-786-1109,N/A
CUS1909475483,Coreen Luttger,8011 Memorial Parkway,Abbeville,France,80146 CEDEX,cluttgerk@sciencedirect.com,930-295-1421,N/A
CUS5622992699,Temple Heffernan,752 Warner Street,Rungis,France,94659 CEDEX 1,theffernanl@scribd.com,353-696-1739,CUS9137941305
CUS3086039701,Connie Gartan,250 Victoria Pass,Rijswijk,Netherlands,2284,cgartanm@engadget.com,758-768-3060,N/A
CUS7173648815,Piotr Ellerey,75391 Lerdahl Lane,Cernay,France,68704 CEDEX,pellereyn@foxnews.com,393-564-0197,N/A
CUS7254144612,Natalya Margrett,25236 International Lane,Remiremont,France,88204 CEDEX,nmargretto@seattletimes.com,202-340-3658,N/A
CUS7531899663,Maurise Mogridge,4 Bluestem Park,Caen,France,14040 CEDEX 4,mmogridgep@bloomberg.com,460-642-6740,N/A
CUS2738440495,Nissa Fearnyough,1 Loftsgordon Center,Carpentras,France,84204 CEDEX,nfearnyoughq@ucsd.edu,546-561-5257,N/A
CUS1796896772,Hastie Lawday,2131 Melvin Crossing,Marne-la-Vall¨¦e,France,77614 CEDEX 3,hlawdayr@dailymotion.com,590-653-4844,N/A
CUS8666880597,Wenona Seefeldt,8 Bartillon Park,Cergy-Pontoise,France,95304 CEDEX,wseefeldts@unc.edu,813-224-6166,N/A
CUS1960983865,Joshua Krollman,0 Kropf Terrace,Dijon,France,21019 CEDEX,jkrollmant@tamu.edu,464-231-6232,N/A
CUS6115978602,Winna Buxam,30 Southridge Terrace,Marcq-en-Bar_ul,France,59704 CEDEX,wbuxamu@eventbrite.com,697-253-9303,N/A
CUS7369563022,Irita Witcher,231 Upham Street,Chalon-sur-Sa?ne,France,71332 CEDEX,iwitcherv@google.ru,482-400-2177,N/A
CUS7907991730,Blondie Dowse,28600 Kim Pass,Paris 18,France,75863 CEDEX 18,bdowsew@narod.ru,614-609-3961,CUS9344970211
CUS5073267176,Zorina Swaddle,22 Hagan Parkway,Metz,France,57751 CEDEX 9,zswaddlex@fda.gov,715-709-0519,CUS4723638601
CUS8661941563,Justinn Kennifeck,148 Gale Parkway,Nancy,France,54009 CEDEX,jkennifecky@umich.edu,171-519-2300,CUS3712301669
CUS8833486273,Aube Howsam,97509 Elmside Parkway,Agen,France,47020 CEDEX 9,ahowsamz@cargocollective.com,758-442-8456,N/A
CUS1921391375,Clarie Gavahan,10983 Judy Lane,Montpellier,France,34294 CEDEX 5,cgavahan10@cdc.gov,767-933-4447,N/A
CUS0778552063,Daron Filipiak,9769 Bay Crossing,Aix-en-Provence,France,13592 CEDEX 3,dfilipiak11@deviantart.com,608-754-8048,N/A
CUS2485623783,Lana Hatliffe,9973 Comanche Parkway,Montpellier,France,34064 CEDEX 2,lhatliffe12@fema.gov,906-955-5286,N/A
CUS8232142286,Emmett Le Quesne,5 Kingsford Crossing,Amiens,France,80004 CEDEX 1,ele13@naver.com,889-259-6124,N/A
CUS0869560840,Val Russam,80 Ramsey Circle,Haguenau,France,67504 CEDEX,vrussam14@ebay.com,618-375-4249,N/A
CUS5772154958,Brennen Llywarch,2471 Clove Crossing,Ballisodare,Ireland,E45,bllywarch15@free.fr,975-518-8355,N/A
CUS0702267945,Sayer Bage,4389 Elmside Court,Niort,France,79083 CEDEX 9,sbage16@netlog.com,580-878-3441,N/A
CUS2926891520,Cletus Fairs,58 North Lane,Navan,Ireland,D11,cfairs17@sitemeter.com,366-359-8847,N/A
CUS9958361728,Bert Bruhnsen,8741 Stuart Court,Avallon,France,89204 CEDEX,bbruhnsen18@dyndns.org,444-382-3617,CUS2462286713
CUS5659503039,Paolina Blinder,06194 Golf Course Junction,Bobigny,France,93737 CEDEX 9,pblinder19@spiegel.de,961-644-5204,CUS1208700103
CUS6894273308,Clair Towsey,3410 Buena Vista Hill,Saint-Laurent-Blangy,France,62055 CEDEX,ctowsey1a@earthlink.net,584-509-9651,CUS6533017829
CUS0700654054,Murielle Scowcroft,7656 Birchwood Hill,Morez,France,39409 CEDEX,mscowcroft1b@forbes.com,893-749-9885,CUS9861275711
CUS1278280324,Abner Martel,63993 Shelley Circle,Valence,France,26003 CEDEX,amartel1c@themeforest.net,899-603-8957,CUS4423979195
CUS4095969210,Tess Tonn,5 Northwestern Alley,Delft,Netherlands,2624,ttonn1d@gov.uk,927-501-7574,CUS7832114347
CUS1946317063,Maurise Bugdall,05 Montana Junction,Avignon,France,84007 CEDEX 1,mbugdall1e@yellowbook.com,221-742-7123,N/A
CUS9732817674,Kennett Usborn,644 Autumn Leaf Avenue,Laon,France,02019 CEDEX,kusborn1f@bandcamp.com,172-317-4766,CUS5317230608
CUS9070484285,Deonne Ricard,74 Kenwood Plaza,Cergy-Pontoise,France,95304 CEDEX,dricard1g@spotify.com,110-548-8011,N/A
CUS7980170008,Leontyne McCroary,74 Butternut Terrace,Saint-Ouen,France,93487 CEDEX,lmccroary1h@smh.com.au,913-620-3159,CUS2807734871
CUS0470847441,Adrien Sammes,99 Vera Terrace,Paris 08,France,75413 CEDEX 08,asammes1i@constantcontact.com,109-774-8091,N/A
CUS5462246188,Raine Freezor,36712 Rusk Place,Sallins,Ireland,W91,rfreezor1j@engadget.com,206-990-3908,N/A
CUS4009023279,Ely Lisciandro,3 Springview Center,Rathwire,Ireland,Y25,elisciandro1k@biblegateway.com,849-960-0488,N/A
CUS7931155556,Jule Lupton,878 Lake View Court,Haarlem,Netherlands,2029,jlupton1l@hatena.ne.jp,201-146-5849,N/A
CUS7476133226,Dylan Bishop,61 Loftsgordon Park,Leiden,Netherlands,2309,dbishop1m@google.ru,563-912-5306,CUS7849827244
CUS7956951259,Evey Penson,3957 Thompson Terrace,Toulouse,France,31079 CEDEX 5,epenson1n@wikia.com,747-553-2138,CUS8393010047
CUS1062242815,Jaquith McQuilliam,7765 Mayfield Drive,Annecy,France,74999 CEDEX 9,jmcquilliam1o@flickr.com,212-904-0035,N/A
CUS9939781350,Bentlee Pantecost,5565 Messerschmidt Junction,Linton,United Kingdom,BD23,bpantecost1p@vimeo.com,152-486-3924,CUS7030582586
CUS7822744291,Elane Rubinfeld,8 Independence Point,Libourne,France,33515 CEDEX,erubinfeld1q@who.int,438-230-8855,N/A
CUS3568453096,Ferd De Gouy,4454 Mayfield Terrace,Istres,France,13807 CEDEX,fde1r@sun.com,106-665-3905,N/A
CUS0478799837,Mia Crouse,84 Golf Course Pass,Vannes,France,56019 CEDEX,mcrouse1s@blogs.com,864-808-2950,N/A
CUS0657777080,Ladonna Hickisson,01256 Kinsman Alley,Rouen,France,76177 CEDEX,lhickisson1t@jimdo.com,215-537-4591,N/A
CUS1315713233,Fiann Kilfeather,3 Morningstar Circle,Larochette,Luxembourg,L-7634,fkilfeather1u@berkeley.edu,583-227-3192,N/A
CUS6544743038,Teresita Ducroe,35 Maywood Point,Paris La D¨¦fense,France,92980 CEDEX,tducroe1v@livejournal.com,610-126-0177,CUS6482670962
CUS8641966102,Georgeanne Shawcroft,543 Hagan Plaza,Donegal,Ireland,A85,gshawcroft1w@yolasite.com,713-663-1795,N/A
CUS6697840323,Lammond Ingerson,2 Sutteridge Crossing,Bressuire,France,79304 CEDEX,lingerson1x@tripod.com,962-302-7671,N/A
CUS6063653236,Adi Deverille,0 Blackbird Drive,La Seyne-sur-Mer,France,83514 CEDEX,adeverille1y@boston.com,519-886-1519,N/A
CUS0235597759,Scotti Hiddersley,43923 Blaine Alley,Vierzon,France,18104 CEDEX,shiddersley1z@cisco.com,447-975-9663,N/A
CUS9826238953,Fabian Chasen,64300 Dapin Way,Weston,United Kingdom,GU32,fchasen20@cnet.com,364-115-5946,CUS8226959888
CUS4974751867,Francyne Mattessen,8 Anhalt Drive,Utrecht (stad),Netherlands,3560,fmattessen21@seattletimes.com,149-295-9790,N/A
CUS3400479128,Bea Lidden,635 Northport Place,La Roche-sur-Yon,France,85009 CEDEX,blidden22@goo.gl,970-479-7745,N/A
CUS5167739152,Hector Rapi,35092 Knutson Drive,Le Mans,France,72035 CEDEX 1,hrapi23@edublogs.org,858-954-6243,N/A
CUS5482378098,Terrijo Warboys,5 Ruskin Terrace,Dijon,France,21030 CEDEX,twarboys24@barnesandnoble.com,241-776-8111,CUS8442491759
CUS3570619591,Wendall Cremins,48828 Norway Maple Place,Rennes,France,35903 CEDEX 9,wcremins25@w3.org,506-668-3682,N/A
CUS1760557757,Debee Metcalf,214 Nova Court,Taverny,France,95154 CEDEX,dmetcalf26@youtube.com,441-410-6286,N/A
CUS1477493816,Connie Jessep,7708 Elmside Lane,H¨¦nin-Beaumont,France,62259 CEDEX,cjessep27@time.com,834-784-2853,N/A
CUS9088019665,Dorita MacCaull,63778 Park Meadow Terrace,Bussum,Netherlands,1404,dmaccaull28@51.la,432-965-4853,CUS2014708320
CUS0052193721,Corabella Van den Hof,8 Heffernan Plaza,Old Kilcullen,Ireland,R56,cvan29@meetup.com,185-170-9522,N/A
CUS6777628592,Eden Hebden,724 Merchant Lane,Andr¨¦zieux-Bouth¨¦on,France,42164 CEDEX,ehebden2a@homestead.com,440-310-6704,N/A
CUS5617097105,Di Darell,59443 Old Shore Avenue,Auxerre,France,89024 CEDEX,ddarell2b@google.ca,904-860-4616,N/A
CUS3774712077,Emanuel Mesnard,223 Larry Hill,Saint-Julien-en-Genevois,France,74164 CEDEX,emesnard2c@prweb.com,214-107-8279,N/A
CUS3997888787,Melany Rosoman,16 Pierstorff Terrace,Paris La D¨¦fense,France,92036 CEDEX,mrosoman2d@imageshack.us,881-707-3710,N/A
CUS6529473769,Pat Urpeth,515 Mockingbird Point,Delft,Netherlands,2614,purpeth2e@naver.com,669-301-1958,CUS9937349176
CUS8740811158,Ricca Winspeare,7 Jenifer Junction,Lelystad,Netherlands,8204,rwinspeare2f@biglobe.ne.jp,236-798-0761,N/A
CUS1035613352,Ellery Cowpland,89167 Toban Pass,Villeurbanne,France,69624 CEDEX,ecowpland2g@kickstarter.com,748-574-7549,CUS9838711381
CUS6727460124,Ernest Edens,4 Monument Parkway,D¨²n Laoghaire,Ireland,A96,eedens2h@sphinn.com,592-944-2380,N/A
CUS0283852631,Tammara Haselden,836 Carpenter Park,Saint-Quentin-en-Yvelines,France,78061 CEDEX,thaselden2i@shinystat.com,300-232-7380,N/A
CUS0309454638,Roz Patullo,6 Doe Crossing Alley,Nevers,France,58028 CEDEX,rpatullo2j@cisco.com,857-228-0518,N/A
CUS2359915207,Keene Dixson,3 Bowman Junction,Vincennes,France,94685 CEDEX,kdixson2k@i2i.jp,331-470-7280,N/A
CUS1503010945,Pierce Springle,07 Dixon Circle,Paris La D¨¦fense,France,92907 CEDEX,pspringle2l@miibeian.gov.cn,771-635-8602,N/A
CUS3870097116,Langston Baroch,270 Chinook Alley,Roissy Charles-de-Gaulle,France,95974 CEDEX 2,lbaroch2m@phpbb.com,297-579-2728,N/A
CUS5556098751,Emelia Genders,07717 Arrowood Terrace,Metz,France,57016 CEDEX 01,egenders2n@narod.ru,822-376-7625,CUS7797017468
CUS7100938139,Lindon Renahan,13724 Kinsman Park,Bernay,France,27309 CEDEX,lrenahan2o@home.pl,524-543-5124,N/A
CUS5378986729,Desiree Franceschi,55 Riverside Court,Saint-Malo,France,35409 CEDEX,dfranceschi2p@yandex.ru,939-868-5818,N/A
CUS9174492152,Harwell Treleaven,3917 Kings Plaza,Aubergenville,France,78415 CEDEX,htreleaven2q@state.tx.us,681-548-0219,CUS5073267176
CUS1224241754,Calida Barens,30452 Messerschmidt Circle,Poitiers,France,86093 CEDEX 9,cbarens2r@washingtonpost.com,486-622-7386,N/A
CUS6017977172,Kali Werndly,85 Bluestem Avenue,Paris 09,France,75434 CEDEX 09,kwerndly2s@unesco.org,431-641-2275,N/A
CUS2617954021,Nicolas Finlater,7223 Forster Road,Croissy-sur-Seine,France,78294 CEDEX,nfinlater2t@opensource.org,463-619-8062,N/A
CUS2542258627,Susi Fredi,2832 Oakridge Road,Boulogne-Billancourt,France,92645 CEDEX,sfredi2u@dailymail.co.uk,905-561-2163,N/A
CUS3207134734,Rocky Minelli,2174 Killdeer Pass,Alen?on,France,61042 CEDEX,rminelli2v@senate.gov,789-227-3649,N/A
CUS0591702428,Debbie Balderston,8765 David Place,Dunkerque,France,59640,dbalderston2w@storify.com,332-499-5060,N/A
CUS2389192939,Yolanda Laverack,79291 Parkside Pass,Toulouse,France,31085 CEDEX 2,ylaverack2x@npr.org,567-239-3071,N/A
CUS7625017567,Grata Dolan,90 Saint Paul Pass,Sarlat-la-Can¨¦da,France,24212 CEDEX,gdolan2y@deliciousdays.com,813-625-2802,CUS6960815894
CUS5096651932,Christabella Dashwood,07997 Armistice Hill,Groningen,Netherlands,9704,cdashwood2z@auda.org.au,467-700-0592,N/A
CUS8189134566,Muffin Render,09 American Ash Way,Houilles,France,78804 CEDEX,mrender30@exblog.jp,586-413-7504,CUS9070484285
CUS2447947690,Huntington Mitkcov,7047 Oak Alley,Orl¨¦ans,France,45933 CEDEX 9,hmitkcov31@artisteer.com,588-884-3976,N/A
CUS7555199084,Winthrop Freake,818 Karstens Circle,Helmsange,Luxembourg,L-7270,wfreake32@craigslist.org,287-246-3231,N/A
CUS1718770766,Laird Phettis,3456 Grasskamp Alley,Troyes,France,10606 CEDEX,lphettis33@reference.com,629-785-5668,CUS9400284608
CUS8555312523,Burnaby De'Vere - Hunt,56 Packers Parkway,Lun¨¦ville,France,54304 CEDEX,bdevere34@slate.com,196-922-5463,N/A
CUS5875002794,Luigi Snelle,42 Wayridge Terrace,Longwy,France,54412 CEDEX,lsnelle35@cisco.com,303-967-4358,N/A
CUS2788741928,Saloma Spykins,78 Morningstar Trail,Le Blanc-Mesnil,France,93154 CEDEX,sspykins36@tamu.edu,595-970-2248,N/A
CUS7832114347,Diahann Shaves,4551 Ludington Plaza,Aix-en-Provence,France,13853 CEDEX 3,dshaves37@harvard.edu,526-856-4361,N/A
CUS3519087308,Roslyn Hadaway,4801 Cherokee Point,Vannes,France,56977 CEDEX 9,rhadaway38@xinhuanet.com,773-108-6146,N/A
CUS2807734871,Glendon Risely,49983 Green Junction,Cr¨¦teil,France,94946 CEDEX 9,grisely39@flickr.com,495-581-9101,CUS6533017829
CUS8301598824,Adriana Petracci,40 School Court,Croix,France,59961 CEDEX,apetracci3a@blog.com,863-436-8437,N/A
CUS7106439479,Granville Northey,0 Merchant Hill,Zaandam,Netherlands,1504,gnorthey3b@digg.com,568-859-7872,CUS7984329591
CUS4787668765,Erinna Lightollers,1 Lawn Center,Mougins,France,06254 CEDEX,elightollers3c@miibeian.gov.cn,398-518-2029,CUS1139922009
CUS2416141813,Baryram Windaybank,45 Ramsey Hill,Schiedam postbusnummers,Netherlands,3109,bwindaybank3d@typepad.com,404-898-3165,N/A
CUS2605351815,Loise Dark,33915 Kim Crossing,Clichy,France,92119 CEDEX,ldark3e@thetimes.co.uk,897-347-9225,CUS7875297680
CUS1413703178,Franky Okie,835 Crownhardt Park,Strasbourg,France,67039 CEDEX 2,fokie3f@bravesites.com,803-105-0958,N/A
CUS1184609888,Melly Littleover,9 Lakewood Center,Alkmaar,Netherlands,1819,mlittleover3g@goo.ne.jp,733-310-7072,N/A
CUS5208397536,Abagael Josh,433 Bartelt Court,Mont-Saint-Aignan,France,76821 CEDEX,ajosh3h@com.com,668-662-1390,N/A
CUS4109780195,Alexandrina O'Sherrin,96 Ilene Way,Puteaux,France,92804 CEDEX,aosherrin3i@wsj.com,414-365-2910,CUS6398474783
CUS4793777082,Kali Ridolfi,41770 Sage Alley,Suresnes,France,92154 CEDEX,kridolfi3j@storify.com,927-849-1314,N/A
CUS3591540900,Den Gallahue,1736 Lake View Alley,Vitry-le-Fran?ois,France,51361 CEDEX,dgallahue3k@ning.com,189-863-5760,N/A
CUS1266469931,Elizabeth Beardsley,3340 Troy Trail,Strasbourg,France,67200,ebeardsley3l@squarespace.com,434-642-9593,N/A
CUS8871873769,Kris Crunkhurn,84758 Bobwhite Court,Bernay,France,27309 CEDEX,kcrunkhurn3m@amazon.co.jp,886-648-4769,N/A
CUS4349830375,Finn Shobrook,70457 Gateway Avenue,Church End,United Kingdom,N3,fshobrook3n@photobucket.com,364-686-7340,N/A
CUS2014708320,Raquel Shone,86517 Larry Center,Orl¨¦ans,France,45969 CEDEX 9,rshone3o@hibu.com,955-872-1710,CUS0571636772
CUS0327061642,Pattie Kiloh,46888 Delladonna Junction,Mulhouse,France,68947 CEDEX 9,pkiloh3p@statcounter.com,975-324-6320,N/A
CUS1598776894,Ryan Larway,8 Hagan Junction,Besan?on,France,25045 CEDEX,rlarway3q@canalblog.com,452-391-0232,CUS0319296857
CUS1634646177,Bunnie Capeloff,463 Rigney Terrace,Schiedam postbusnummers,Netherlands,3104,bcapeloff3r@pcworld.com,916-343-1861,N/A
CUS0666815798,Tucker Floch,00234 Londonderry Center,Cergy-Pontoise,France,95319 CEDEX,tfloch3s@independent.co.uk,111-495-6034,CUS5814782323
CUS1974554988,Melessa Boarder,5952 Monica Place,Cherbourg-Octeville,France,50109 CEDEX,mboarder3t@weather.com,607-257-2522,CUS0928204782
CUS8943135270,Marrilee Ianilli,38781 Briar Crest Trail,Amiens,France,80075 CEDEX 1,mianilli3u@ow.ly,655-394-5972,N/A
CUS3928836587,Clemmie Blew,03116 Mayer Plaza,Luc¨¦,France,28114 CEDEX,cblew3v@yahoo.com,545-871-3614,N/A
CUS1907537864,Osmund Handaside,14 Erie Park,Strasbourg,France,67961 CEDEX 9,ohandaside3w@unblog.fr,847-263-9625,N/A
CUS2464089575,Greggory Peskin,7118 Melvin Way,P¨¦rigny,France,17189 CEDEX,gpeskin3x@lulu.com,758-457-0343,N/A
CUS3614087298,Tomaso Babidge,9 Lukken Junction,Saint-Gratien,France,95219 CEDEX,tbabidge3y@scientificamerican.com,886-910-6612,CUS6604501000
CUS1981571663,Sibeal Dusting,4404 8th Street,La Seyne-sur-Mer,France,83514 CEDEX,sdusting3z@blogspot.com,815-168-5006,N/A
CUS3822688606,Gwen Georgel,53832 Shopko Plaza,Nantes,France,44916 CEDEX 9,ggeorgel40@upenn.edu,428-250-2977,N/A
CUS4164213167,Carolyn Alibone,21643 Granby Street,Montpellier,France,34032 CEDEX 1,calibone41@umn.edu,142-494-4423,N/A
CUS9152270866,Tybie Gockelen,673 Butterfield Plaza,Angers,France,49066 CEDEX 01,tgockelen42@chicagotribune.com,151-312-5857,CUS4233429453
CUS4932373171,Erda Fockes,68 Kedzie Street,Toulouse,France,31403 CEDEX 9,efockes43@wiley.com,674-803-7611,CUS9520655506
CUS2464432504,Luciano Moncreiff,38 Sherman Hill,Tilburg,Netherlands,5029,lmoncreiff44@ibm.com,651-136-3995,N/A
CUS8226959888,Pammi Wison,00645 Graceland Crossing,Cork,Ireland,T23,pwison45@sina.com.cn,832-935-6230,CUS7932932270
CUS3738194096,Preston Tommasetti,0697 Hazelcrest Center,Longvic,France,21604 CEDEX,ptommasetti46@tmall.com,586-982-9767,N/A
CUS8018090254,Erina Biaggioli,833 Memorial Lane,Chelles,France,77504 CEDEX,ebiaggioli47@alexa.com,261-390-5276,N/A
CUS7319780089,Lewie McCraw,701 Myrtle Road,_vreux,France,27929 CEDEX 9,lmccraw48@ocn.ne.jp,482-862-4461,N/A
CUS3008391796,Manfred Gravells,25917 Kipling Avenue,Macon,France,71024 CEDEX 9,mgravells49@alexa.com,764-613-2558,N/A
CUS6073283601,Shellysheldon Dranfield,07 Susan Terrace,Nice,France,06306 CEDEX 4,sdranfield4a@sina.com.cn,757-876-7250,N/A
CUS7611770675,Dodi Grammer,15 Porter Circle,Pau,France,64029 CEDEX 9,dgrammer4b@foxnews.com,319-936-8266,CUS5434348680
CUS3432315376,Pat Caff,6 School Plaza,Provins,France,77484 CEDEX,pcaff4c@state.gov,662-616-7210,N/A
CUS9501198537,Lazare Ely,3161 Morning Court,Clichy,France,92119 CEDEX,lely4d@mediafire.com,770-339-8101,N/A
CUS7150735614,Kalinda Reveley,25136 Kim Junction,Paris 17,France,75808 CEDEX 17,kreveley4e@nytimes.com,220-374-8785,N/A
CUS2050980337,Drusie Donaghie,1 Roth Alley,Landivisiau,France,29404 CEDEX,ddonaghie4f@edublogs.org,374-425-6098,N/A
CUS5597522949,Sayre Toombes,40 Grayhawk Way,Remiremont,France,88204 CEDEX,stoombes4g@amazon.de,255-450-3189,CUS3506128213
CUS8657017555,Claude Noah,46569 Luster Lane,Clervaux,Luxembourg,L-9765,cnoah4h@opensource.org,154-360-3148,CUS1960983865
CUS0326573062,Noami Whiterod,6 Warner Way,Br¨¦tigny-sur-Orge,France,91229 CEDEX,nwhiterod4i@marriott.com,345-139-6692,N/A
CUS2267511320,Cris Goosey,83 Rieder Road,Diekirch,Luxembourg,L-9378,cgoosey4j@is.gd,746-729-1814,CUS6120903224
CUS2672993394,Taryn Hakeworth,25 Twin Pines Circle,Saint-Maurice-l'Exil,France,38554 CEDEX,thakeworth4k@usda.gov,191-986-6534,N/A
CUS2462286713,Rianon Gerrey,8 Forest Dale Pass,Vallauris,France,06224 CEDEX,rgerrey4l@sogou.com,205-556-4365,N/A
CUS8201333454,Tasia Kildahl,84 Becker Crossing,Paris 16,France,75784 CEDEX 16,tkildahl4m@last.fm,520-700-9508,N/A
CUS6960815894,Kendal Fenwick,78979 Sloan Place,Carpentras,France,84977 CEDEX,kfenwick4n@sogou.com,261-118-5439,CUS7030582586
CUS0783483473,Magdaia Terbrugge,97545 Tennyson Trail,Bergen op Zoom,Netherlands,4619,mterbrugge4o@stumbleupon.com,947-614-1112,N/A
CUS5106823331,Aurilia Elstub,029 Nancy Road,Carcassonne,France,11803 CEDEX 9,aelstub4p@ycombinator.com,744-444-1216,N/A
CUS6981244861,Bondie Whipp,80905 Mendota Junction,Paris 17,France,75853 CEDEX 17,bwhipp4q@bloglovin.com,177-464-7159,N/A
CUS5050117607,Cindra Conaghy,9596 Onsgard Court,Thiers,France,63304 CEDEX,cconaghy4r@yahoo.com,265-300-1611,N/A
CUS0349373345,Burl Tayspell,13 Reinke Trail,Marne-la-Vall¨¦e,France,77708 CEDEX 4,btayspell4s@stumbleupon.com,927-219-0016,N/A
CUS8500356774,Hatti Battell,86 Westport Road,Bezons,France,95874 CEDEX,hbattell4t@dailymotion.com,646-288-9813,N/A
CUS1979942986,Alec Knock,6136 Lakewood Gardens Parkway,Berdorf,Luxembourg,L-6562,aknock4u@wisc.edu,354-276-2770,N/A
CUS1962480119,Micah Yarham,976 Northridge Street,Sophia Antipolis,France,06905 CEDEX,myarham4v@salon.com,190-345-0118,N/A
CUS3742255150,Jourdan Gaskamp,3905 Warrior Lane,Montpellier,France,34186 CEDEX 4,jgaskamp4w@delicious.com,926-982-6988,CUS2050980337
CUS7841738641,Eveleen Smullin,916 Scofield Road,Rueil-Malmaison,France,92848 CEDEX,esmullin4x@nationalgeographic.com,113-567-9474,CUS5060359840
CUS4084509183,Sonia Tytterton,311 Russell Court,Montesson,France,78364 CEDEX,stytterton4y@phpbb.com,818-383-3874,N/A
CUS7480262132,Elianora Tuckwood,6 Butternut Park,Arras,France,62025 CEDEX,etuckwood4z@g.co,230-191-7008,N/A
CUS4496777215,Isabelle Donovin,33156 Badeau Lane,Saint-Malo,France,35409 CEDEX,idonovin50@jalbum.net,655-320-1426,CUS1540707172
CUS7120774123,Darnell Gulliford,4 Bay Lane,Gif-sur-Yvette,France,91199 CEDEX,dgulliford51@wikipedia.org,587-653-6452,N/A
CUS5060359840,Aile Krystek,63 Jenifer Pass,Briey,France,54154 CEDEX,akrystek52@utexas.edu,261-653-1342,N/A
CUS7849827244,Amity Newlove,71888 Harbort Drive,Adare,Ireland,H54,anewlove53@dedecms.com,790-700-8261,N/A
CUS0335637140,Wyndham Coultas,336 Lukken Center,Kirkton,United Kingdom,KW10,wcoultas54@trellian.com,117-881-1005,CUS2389192939
CUS4512520449,Cecil Di Bernardo,399 Green Ridge Hill,Kingersheim,France,68264 CEDEX,cdi55@is.gd,146-710-5704,CUS6981244861
CUS5487886393,Alley Brodest,0 Dexter Circle,Valence,France,26003 CEDEX,abrodest56@trellian.com,879-289-6381,N/A
CUS7002152815,Legra Millyard,017 Emmet Court,Rueil-Malmaison,France,92848 CEDEX,lmillyard57@ftc.gov,355-305-1154,N/A
CUS8607938576,Tamra Setterfield,8 Kennedy Alley,Istres,France,13802 CEDEX,tsetterfield58@state.gov,386-660-7180,N/A
CUS3611501190,Iris Filde,0 Memorial Pass,Saint-Chamond,France,42404 CEDEX,ifilde59@pinterest.com,573-813-8881,CUS0235597759
CUS9838711381,Avrit Purvey,8 Carey Circle,M¨¦rignac,France,33709 CEDEX,apurvey5a@shareasale.com,438-609-5778,N/A
CUS1386317683,Rancell Minihane,45784 Homewood Plaza,Chamb¨¦ry,France,73009 CEDEX,rminihane5b@g.co,635-315-5679,N/A
CUS5251958803,Darn Richemont,1 South Trail,Vernon,France,27204 CEDEX,drichemont5c@virginia.edu,897-561-9794,N/A
CUS7565341584,Kimbra Tubby,83 Kenwood Junction,Remiremont,France,88204 CEDEX,ktubby5d@yahoo.com,355-395-5921,N/A
CUS0181978083,Sydel Paxton,7 Miller Plaza,Bordeaux,France,33010 CEDEX,spaxton5e@instagram.com,758-403-6463,N/A
CUS3577277890,Robinia Owen,4 Anhalt Drive,Cergy-Pontoise,France,95021 CEDEX,rowen5f@salon.com,314-921-7608,N/A
CUS7500030959,Sophia Kenway,72 Heffernan Road,'s-Hertogenbosch,Netherlands,5224,skenway5g@spiegel.de,822-793-6393,CUS9400284608
CUS4502240419,Codee Satterlee,8115 Johnson Road,Saint-Maixent-l'_cole,France,79404 CEDEX,csatterlee5h@businessinsider.com,750-405-0964,CUS4852119708
CUS5422844939,Elva Verdy,502 Schiller Trail,Dijon,France,21040 CEDEX,everdy5i@mtv.com,233-801-3380,N/A
CUS2405604809,Ruperta Coddington,0 Cody Terrace,Claremorris,Ireland,A86,rcoddington5j@wikipedia.org,806-849-1492,N/A