Customer_id,Customer_name,Customer_address_street,Customer_address_city,Customer_address_country,Customer_address_postcode,customer_email,Customer_phoneNo,Related_id
CUS4650508150,Guenna Aylett,5240 Parkside Terrace,Pantin,France,93691 CEDEX,gaylett0@dailymail.co.uk,217-966-5056,N/A
CUS4251676912,Hadria Valens-Smith,09 Corben Drive,Labège,France,31673 CEDEX,hvalenssmith1@google.com.hk,839-506-4158,CUS5617097105
CUS9267696068,Dar Benes,48123 Green Crossing,Abbeville,France,80146 CEDEX,dbenes2@stumbleupon.com,850-566-4513,CUS3587428794
CUS3712301669,Ron Wigfield,614 Eliot Trail,Méru,France,60116 CEDEX,rwigfield3@msu.edu,259-168-3070,CUS2192393474
CUS0510573673,Kariotta Cunio,385 Green Park,Carpentras,France,84204 CEDEX,kcunio4@oracle.com,265-180-7317,N/A
CUS1341801934,Olly Lindup,0 Forest Center,Strasbourg,France,67928 CEDEX 9,olindup5@infoseek.co.jp,917-496-2710,N/A
CUS5071448645,Min Prescote,2397 Iowa Court,_pernay,France,51209 CEDEX,mprescote6@smugmug.com,281-868-9123,N/A
CUS0663279968,Rupert Lievesley,4 New Castle Park,Saint-Marcellin,France,38164 CEDEX,rlievesley7@netvibes.com,316-130-3380,N/A
CUS8787145480,Roderick Campe,0567 Clemons Plaza,Cergy-Pontoise,France,95897 CEDEX,rcampe8@europa.eu,531-108-8678,N/A
CUS9969399977,Elaina Cardinale,40 Morningstar Crossing,Cashel,Ireland,E25,ecardinale9@cafepress.com,906-262-5028,CUS2186219417
CUS8565490017,Vikky MacKintosh,498 Holy Cross Drive,_pernay,France,51209 CEDEX,vmackintosha@walmart.com,294-979-4856,N/A
CUS8704494261,Laurena Sturr,434 Kings Center,Noyelles-sous-Lens,France,62247 CEDEX,lsturrb@china.com.cn,532-315-5306,CUS2014708320
CUS6282311217,Charmane Gegg,314 Barnett Road,Rathnew,Ireland,R35,cgeggc@europa.eu,581-368-6703,N/A
CUS2726733735,Gabriela Warsap,29 Lakewood Gardens Terrace,Vineuil,France,41355 CEDEX,gwarsapd@irs.gov,314-666-5987,N/A
CUS8509993262,Angelo Shelbourne,15315 Melody Way,Lille,France,59784 CEDEX 9,ashelbournee@pagesperso-orange.fr,451-808-8850,N/A
CUS4032403325,Randy MacFarlan,74 Sloan Road,Cannes,France,06403 CEDEX,rmacfarlanf@geocities.com,766-341-2934,N/A
CUS3559543533,Annmarie Capaldo,890 Pearson Way,Vallauris,France,06224 CEDEX,acapaldog@liveinternet.ru,402-751-1356,N/A
CUS9137941305,Brittan Cretney,0497 Bobwhite Center,_tampes,France,91154 CEDEX,bcretneyh@sun.com,312-170-8120,CUS8607938576
CUS0544536401,David Castagna,025 Holmberg Street,Levallois-Perret,France,92592 CEDEX,dcastagnai@devhub.com,985-161-9594,N/A
CUS0131688952,Lia Marginson,48 Duke Point,Paris 01,France,75038 CEDEX 01,lmarginsonj@studiopress.com,838-786-1109,CUS6136461064
CUS1909475483,Coreen Luttger,8011 Memorial Parkway,Abbeville,France,80146 CEDEX,cluttgerk@sciencedirect.com,930-295-1421,N/A
CUS5622992699,Temple Heffernan,752 Warner Street,Rungis,France,94659 CEDEX 1,theffernanl@scribd.com,353-696-1739,N/A
CUS3086039701,Connie Gartan,250 Victoria Pass,Rijswijk,Netherlands,2284,cgartanm@engadget.com,758-768-3060,N/A
CUS7173648815,Piotr Ellerey,75391 Lerdahl Lane,Cernay,France,68704 CEDEX,pellereyn@foxnews.com,393-564-0197,N/A
CUS7254144612,Natalya Margrett,25236 International Lane,Remiremont,France,88204 CEDEX,nmargretto@seattletimes.com,202-340-3658,N/A
CUS7531899663,Maurise Mogridge,4 Bluestem Park,Caen,France,14040 CEDEX 4,mmogridgep@bloomberg.com,460-642-6740,N/A
CUS2738440495,Nissa Fearnyough,1 Loftsgordon Center,Carpentras,France,84204 CEDEX,nfearnyoughq@ucsd.edu,546-561-5257,CUS9939781350
CUS1796896772,Hastie Lawday,2131 Melvin Crossing,Marne-la-Vallée,France,77614 CEDEX 3,hlawdayr@dailymotion.com,590-653-4844,CUS5502201872
CUS8666880597,Wenona Seefeldt,8 Bartillon Park,Cergy-Pontoise,France,95304 CEDEX,wseefeldts@unc.edu,813-224-6166,N/A
CUS1960983865,Joshua Krollman,0 Kropf Terrace,Dijon,France,21019 CEDEX,jkrollmant@tamu.edu,464-231-6232,N/A
CUS6115978602,Winna Buxam,30 Southridge Terrace,Marcq-en-Bar_ul,France,59704 CEDEX,wbuxamu@eventbrite.com,697-253-9303,N/A
CUS7369563022,Irita Witcher,231 Upham Street,Chalon-sur-Saône,France,71332 CEDEX,iwitcherv@google.ru,482-400-2177,CUS8666880597
CUS7907991730,Blondie Dowse,28600 Kim Pass,Paris 18,France,75863 CEDEX 18,bdowsew@narod.ru,614-609-3961,CUS3834254967
CUS5073267176,Zorina Swaddle,22 Hagan Parkway,Metz,France,57751 CEDEX 9,zswaddlex@fda.gov,715-709-0519,CUS5482378098
CUS8661941563,Justinn Kennifeck,148 Gale Parkway,Nancy,France,54009 CEDEX,jkennifecky@umich.edu,171-519-2300,CUS6529473769
CUS8833486273,Aube Howsam,97509 Elmside Parkway,Agen,France,47020 CEDEX 9,ahowsamz@cargocollective.com,758-442-8456,N/A
CUS1921391375,Clarie Gavahan,10983 Judy Lane,Montpellier,France,34294 CEDEX 5,cgavahan10@cdc.gov,767-933-4447,N/A
CUS0778552063,Daron Filipiak,9769 Bay Crossing,Aix-en-Provence,France,13592 CEDEX 3,dfilipiak11@deviantart.com,608-754-8048,N/A
CUS2485623783,Lana Hatliffe,9973 Comanche Parkway,Montpellier,France,34064 CEDEX 2,lhatliffe12@fema.gov,906-955-5286,N/A
CUS8232142286,Emmett Le Quesne,5 Kingsford Crossing,Amiens,France,80004 CEDEX 1,ele13@naver.com,889-259-6124,N/A
CUS0869560840,Val Russam,80 Ramsey Circle,Haguenau,France,67504 CEDEX,vrussam14@ebay.com,618-375-4249,CUS8192585018
CUS5772154958,Brennen Llywarch,2471 Clove Crossing,Ballisodare,Ireland,E45,bllywarch15@free.fr,975-518-8355,N/A
CUS0702267945,Sayer Bage,4389 Elmside Court,Niort,France,79083 CEDEX 9,sbage16@netlog.com,580-878-3441,N/A
CUS2926891520,Cletus Fairs,58 North Lane,Navan,Ireland,D11,cfairs17@sitemeter.com,366-359-8847,N/A
CUS9958361728,Bert Bruhnsen,8741 Stuart Court,Avallon,France,89204 CEDEX,bbruhnsen18@dyndns.org,444-382-3617,N/A
CUS5659503039,Paolina Blinder,06194 Golf Course Junction,Bobigny,France,93737 CEDEX 9,pblinder19@spiegel.de,961-644-5204,N/A
CUS6894273308,Clair Towsey,3410 Buena Vista Hill,Saint-Laurent-Blangy,France,62055 CEDEX,ctowsey1a@earthlink.net,584-509-9651,N/A
CUS0700654054,Murielle Scowcroft,7656 Birchwood Hill,Morez,France,39409 CEDEX,mscowcroft1b@forbes.com,893-749-9885,N/A
CUS1278280324,Abner Martel,63993 Shelley Circle,Valence,France,26003 CEDEX,amartel1c@themeforest.net,899-603-8957,N/A
CUS4095969210,Tess Tonn,5 Northwestern Alley,Delft,Netherlands,2624,ttonn1d@gov.uk,927-501-7574,CUS6458739613
CUS1946317063,Maurise Bugdall,05 Montana Junction,Avignon,France,84007 CEDEX 1,mbugdall1e@yellowbook.com,221-742-7123,N/A
CUS9732817674,Kennett Usborn,644 Autumn Leaf Avenue,Laon,France,02019 CEDEX,kusborn1f@bandcamp.com,172-317-4766,N/A
CUS9070484285,Deonne Ricard,74 Kenwood Plaza,Cergy-Pontoise,France,95304 CEDEX,dricard1g@spotify.com,110-548-8011,N/A
CUS7980170008,Leontyne McCroary,74 Butternut Terrace,Saint-Ouen,France,93487 CEDEX,lmccroary1h@smh.com.au,913-620-3159,N/A
CUS0470847441,Adrien Sammes,99 Vera Terrace,Paris 08,France,75413 CEDEX 08,asammes1i@constantcontact.com,109-774-8091,CUS5050117607
CUS5462246188,Raine Freezor,36712 Rusk Place,Sallins,Ireland,W91,rfreezor1j@engadget.com,206-990-3908,N/A
CUS4009023279,Ely Lisciandro,3 Springview Center,Rathwire,Ireland,Y25,elisciandro1k@biblegateway.com,849-960-0488,N/A
CUS7931155556,Jule Lupton,878 Lake View Court,Haarlem,Netherlands,2029,jlupton1l@hatena.ne.jp,201-146-5849,CUS1315713233
CUS7476133226,Dylan Bishop,61 Loftsgordon Park,Leiden,Netherlands,2309,dbishop1m@google.ru,563-912-5306,CUS6533017829
CUS7956951259,Evey Penson,3957 Thompson Terrace,Toulouse,France,31079 CEDEX 5,epenson1n@wikia.com,747-553-2138,CUS9286975155
CUS1062242815,Jaquith McQuilliam,7765 Mayfield Drive,Annecy,France,74999 CEDEX 9,jmcquilliam1o@flickr.com,212-904-0035,CUS4516834154
CUS9939781350,Bentlee Pantecost,5565 Messerschmidt Junction,Linton,United Kingdom,BD23,bpantecost1p@vimeo.com,152-486-3924,CUS0052193721
CUS7822744291,Elane Rubinfeld,8 Independence Point,Libourne,France,33515 CEDEX,erubinfeld1q@who.int,438-230-8855,N/A
CUS3568453096,Ferd De Gouy,4454 Mayfield Terrace,Istres,France,13807 CEDEX,fde1r@sun.com,106-665-3905,N/A
CUS0478799837,Mia Crouse,84 Golf Course Pass,Vannes,France,56019 CEDEX,mcrouse1s@blogs.com,864-808-2950,N/A
CUS0657777080,Ladonna Hickisson,01256 Kinsman Alley,Rouen,France,76177 CEDEX,lhickisson1t@jimdo.com,215-537-4591,N/A
CUS1315713233,Fiann Kilfeather,3 Morningstar Circle,Larochette,Luxembourg,L-7634,fkilfeather1u@berkeley.edu,583-227-3192,N/A
CUS6544743038,Teresita Ducroe,35 Maywood Point,Paris La Défense,France,92980 CEDEX,tducroe1v@livejournal.com,610-126-0177,CUS5106823331
CUS8641966102,Georgeanne Shawcroft,543 Hagan Plaza,Donegal,Ireland,A85,gshawcroft1w@yolasite.com,713-663-1795,N/A
CUS6697840323,Lammond Ingerson,2 Sutteridge Crossing,Bressuire,France,79304 CEDEX,lingerson1x@tripod.com,962-302-7671,N/A
CUS6063653236,Adi Deverille,0 Blackbird Drive,La Seyne-sur-Mer,France,83514 CEDEX,adeverille1y@boston.com,519-886-1519,CUS5934762575
CUS0235597759,Scotti Hiddersley,43923 Blaine Alley,Vierzon,France,18104 CEDEX,shiddersley1z@cisco.com,447-975-9663,N/A
CUS9826238953,Fabian Chasen,64300 Dapin Way,Weston,United Kingdom,GU32,fchasen20@cnet.com,364-115-5946,N/A
CUS4974751867,Francyne Mattessen,8 Anhalt Drive,Utrecht (stad),Netherlands,3560,fmattessen21@seattletimes.com,149-295-9790,CUS0478799837
CUS3400479128,Bea Lidden,635 Northport Place,La Roche-sur-Yon,France,85009 CEDEX,blidden22@goo.gl,970-479-7745,N/A
CUS5167739152,Hector Rapi,35092 Knutson Drive,Le Mans,France,72035 CEDEX 1,hrapi23@edublogs.org,858-954-6243,N/A
CUS5482378098,Terrijo Warboys,5 Ruskin Terrace,Dijon,France,21030 CEDEX,twarboys24@barnesandnoble.com,241-776-8111,N/A
CUS3570619591,Wendall Cremins,48828 Norway Maple Place,Rennes,France,35903 CEDEX 9,wcremins25@w3.org,506-668-3682,N/A
CUS1760557757,Debee Metcalf,214 Nova Court,Taverny,France,95154 CEDEX,dmetcalf26@youtube.com,441-410-6286,N/A
CUS1477493816,Connie Jessep,7708 Elmside Lane,Hénin-Beaumont,France,62259 CEDEX,cjessep27@time.com,834-784-2853,N/A
CUS9088019665,Dorita MacCaull,63778 Park Meadow Terrace,Bussum,Netherlands,1404,dmaccaull28@51.la,432-965-4853,N/A
CUS0052193721,Corabella Van den Hof,8 Heffernan Plaza,Old Kilcullen,Ireland,R56,cvan29@meetup.com,185-170-9522,CUS8565490017
CUS6777628592,Eden Hebden,724 Merchant Lane,Andrézieux-Bouthéon,France,42164 CEDEX,ehebden2a@homestead.com,440-310-6704,N/A
CUS5617097105,Di Darell,59443 Old Shore Avenue,Auxerre,France,89024 CEDEX,ddarell2b@google.ca,904-860-4616,N/A
CUS3774712077,Emanuel Mesnard,223 Larry Hill,Saint-Julien-en-Genevois,France,74164 CEDEX,emesnard2c@prweb.com,214-107-8279,N/A
CUS3997888787,Melany Rosoman,16 Pierstorff Terrace,Paris La Défense,France,92036 CEDEX,mrosoman2d@imageshack.us,881-707-3710,CUS0869953095
CUS6529473769,Pat Urpeth,515 Mockingbird Point,Delft,Netherlands,2614,purpeth2e@naver.com,669-301-1958,CUS1224241754
CUS8740811158,Ricca Winspeare,7 Jenifer Junction,Lelystad,Netherlands,8204,rwinspeare2f@biglobe.ne.jp,236-798-0761,CUS8483181592
CUS1035613352,Ellery Cowpland,89167 Toban Pass,Villeurbanne,France,69624 CEDEX,ecowpland2g@kickstarter.com,748-574-7549,N/A
CUS6727460124,Ernest Edens,4 Monument Parkway,Dún Laoghaire,Ireland,A96,eedens2h@sphinn.com,592-944-2380,N/A
CUS0283852631,Tammara Haselden,836 Carpenter Park,Saint-Quentin-en-Yvelines,France,78061 CEDEX,thaselden2i@shinystat.com,300-232-7380,CUS7555199084
CUS0309454638,Roz Patullo,6 Doe Crossing Alley,Nevers,France,58028 CEDEX,rpatullo2j@cisco.com,857-228-0518,N/A
CUS2359915207,Keene Dixson,3 Bowman Junction,Vincennes,France,94685 CEDEX,kdixson2k@i2i.jp,331-470-7280,CUS5814782323
CUS1503010945,Pierce Springle,07 Dixon Circle,Paris La Défense,France,92907 CEDEX,pspringle2l@miibeian.gov.cn,771-635-8602,CUS0667980644
CUS3870097116,Langston Baroch,270 Chinook Alley,Roissy Charles-de-Gaulle,France,95974 CEDEX 2,lbaroch2m@phpbb.com,297-579-2728,CUS7727144401
CUS5556098751,Emelia Genders,07717 Arrowood Terrace,Metz,France,57016 CEDEX 01,egenders2n@narod.ru,822-376-7625,N/A
CUS7100938139,Lindon Renahan,13724 Kinsman Park,Bernay,France,27309 CEDEX,lrenahan2o@home.pl,524-543-5124,N/A
CUS5378986729,Desiree Franceschi,55 Riverside Court,Saint-Malo,France,35409 CEDEX,dfranceschi2p@yandex.ru,939-868-5818,N/A
CUS9174492152,Harwell Treleaven,3917 Kings Plaza,Aubergenville,France,78415 CEDEX,htreleaven2q@state.tx.us,681-548-0219,N/A
CUS1224241754,Calida Barens,30452 Messerschmidt Circle,Poitiers,France,86093 CEDEX 9,cbarens2r@washingtonpost.com,486-622-7386,CUS2267511320
CUS6017977172,Kali Werndly,85 Bluestem Avenue,Paris 09,France,75434 CEDEX 09,kwerndly2s@unesco.org,431-641-2275,N/A
CUS2617954021,Nicolas Finlater,7223 Forster Road,Croissy-sur-Seine,France,78294 CEDEX,nfinlater2t@opensource.org,463-619-8062,N/A
CUS2542258627,Susi Fredi,2832 Oakridge Road,Boulogne-Billancourt,France,92645 CEDEX,sfredi2u@dailymail.co.uk,905-561-2163,N/A
CUS3207134734,Rocky Minelli,2174 Killdeer Pass,Alençon,France,61042 CEDEX,rminelli2v@senate.gov,789-227-3649,N/A
CUS0591702428,Debbie Balderston,8765 David Place,Dunkerque,France,59640,dbalderston2w@storify.com,332-499-5060,CUS5772154958
CUS2389192939,Yolanda Laverack,79291 Parkside Pass,Toulouse,France,31085 CEDEX 2,ylaverack2x@npr.org,567-239-3071,N/A
CUS7625017567,Grata Dolan,90 Saint Paul Pass,Sarlat-la-Canéda,France,24212 CEDEX,gdolan2y@deliciousdays.com,813-625-2802,N/A
CUS5096651932,Christabella Dashwood,07997 Armistice Hill,Groningen,Netherlands,9704,cdashwood2z@auda.org.au,467-700-0592,N/A
CUS8189134566,Muffin Render,09 American Ash Way,Houilles,France,78804 CEDEX,mrender30@exblog.jp,586-413-7504,N/A
CUS2447947690,Huntington Mitkcov,7047 Oak Alley,Orléans,France,45933 CEDEX 9,hmitkcov31@artisteer.com,588-884-3976,N/A
CUS7555199084,Winthrop Freake,818 Karstens Circle,Helmsange,Luxembourg,L-7270,wfreake32@craigslist.org,287-246-3231,CUS2359915207
CUS1718770766,Laird Phettis,3456 Grasskamp Alley,Troyes,France,10606 CEDEX,lphettis33@reference.com,629-785-5668,N/A
CUS8555312523,Burnaby De'Vere - Hunt,56 Packers Parkway,Lunéville,France,54304 CEDEX,bdevere34@slate.com,196-922-5463,N/A
CUS5875002794,Luigi Snelle,42 Wayridge Terrace,Longwy,France,54412 CEDEX,lsnelle35@cisco.com,303-967-4358,CUS6540175744
CUS2788741928,Saloma Spykins,78 Morningstar Trail,Le Blanc-Mesnil,France,93154 CEDEX,sspykins36@tamu.edu,595-970-2248,N/A
CUS7832114347,Diahann Shaves,4551 Ludington Plaza,Aix-en-Provence,France,13853 CEDEX 3,dshaves37@harvard.edu,526-856-4361,N/A
CUS3519087308,Roslyn Hadaway,4801 Cherokee Point,Vannes,France,56977 CEDEX 9,rhadaway38@xinhuanet.com,773-108-6146,N/A
CUS2807734871,Glendon Risely,49983 Green Junction,Créteil,France,94946 CEDEX 9,grisely39@flickr.com,495-581-9101,N/A
CUS8301598824,Adriana Petracci,40 School Court,Croix,France,59961 CEDEX,apetracci3a@blog.com,863-436-8437,CUS9838711381
CUS7106439479,Granville Northey,0 Merchant Hill,Zaandam,Netherlands,1504,gnorthey3b@digg.com,568-859-7872,N/A
CUS4787668765,Erinna Lightollers,1 Lawn Center,Mougins,France,06254 CEDEX,elightollers3c@miibeian.gov.cn,398-518-2029,CUS9286975155
CUS2416141813,Baryram Windaybank,45 Ramsey Hill,Schiedam postbusnummers,Netherlands,3109,bwindaybank3d@typepad.com,404-898-3165,CUS2518221786
CUS2605351815,Loise Dark,33915 Kim Crossing,Clichy,France,92119 CEDEX,ldark3e@thetimes.co.uk,897-347-9225,N/A
CUS1413703178,Franky Okie,835 Crownhardt Park,Strasbourg,France,67039 CEDEX 2,fokie3f@bravesites.com,803-105-0958,N/A
CUS1184609888,Melly Littleover,9 Lakewood Center,Alkmaar,Netherlands,1819,mlittleover3g@goo.ne.jp,733-310-7072,N/A
CUS5208397536,Abagael Josh,433 Bartelt Court,Mont-Saint-Aignan,France,76821 CEDEX,ajosh3h@com.com,668-662-1390,CUS1941235468
CUS4109780195,Alexandrina O'Sherrin,96 Ilene Way,Puteaux,France,92804 CEDEX,aosherrin3i@wsj.com,414-365-2910,N/A
CUS4793777082,Kali Ridolfi,41770 Sage Alley,Suresnes,France,92154 CEDEX,kridolfi3j@storify.com,927-849-1314,CUS0349331189
CUS3591540900,Den Gallahue,1736 Lake View Alley,Vitry-le-François,France,51361 CEDEX,dgallahue3k@ning.com,189-863-5760,N/A
CUS1266469931,Elizabeth Beardsley,3340 Troy Trail,Strasbourg,France,67200,ebeardsley3l@squarespace.com,434-642-9593,CUS6553843783
CUS8871873769,Kris Crunkhurn,84758 Bobwhite Court,Bernay,France,27309 CEDEX,kcrunkhurn3m@amazon.co.jp,886-648-4769,N/A
CUS4349830375,Finn Shobrook,70457 Gateway Avenue,Church End,United Kingdom,N3,fshobrook3n@photobucket.com,364-686-7340,N/A
CUS2014708320,Raquel Shone,86517 Larry Center,Orléans,France,45969 CEDEX 9,rshone3o@hibu.com,955-872-1710,N/A
CUS0327061642,Pattie Kiloh,46888 Delladonna Junction,Mulhouse,France,68947 CEDEX 9,pkiloh3p@statcounter.com,975-324-6320,N/A
CUS1598776894,Ryan Larway,8 Hagan Junction,Besançon,France,25045 CEDEX,rlarway3q@canalblog.com,452-391-0232,N/A
CUS1634646177,Bunnie Capeloff,463 Rigney Terrace,Schiedam postbusnummers,Netherlands,3104,bcapeloff3r@pcworld.com,916-343-1861,N/A
CUS0666815798,Tucker Floch,00234 Londonderry Center,Cergy-Pontoise,France,95319 CEDEX,tfloch3s@independent.co.uk,111-495-6034,N/A
CUS1974554988,Melessa Boarder,5952 Monica Place,Cherbourg-Octeville,France,50109 CEDEX,mboarder3t@weather.com,607-257-2522,N/A
CUS8943135270,Marrilee Ianilli,38781 Briar Crest Trail,Amiens,France,80075 CEDEX 1,mianilli3u@ow.ly,655-394-5972,N/A
CUS3928836587,Clemmie Blew,03116 Mayer Plaza,Lucé,France,28114 CEDEX,cblew3v@yahoo.com,545-871-3614,N/A
CUS1907537864,Osmund Handaside,14 Erie Park,Strasbourg,France,67961 CEDEX 9,ohandaside3w@unblog.fr,847-263-9625,CUS9705290881
CUS2464089575,Greggory Peskin,7118 Melvin Way,Périgny,France,17189 CEDEX,gpeskin3x@lulu.com,758-457-0343,N/A
CUS3614087298,Tomaso Babidge,9 Lukken Junction,Saint-Gratien,France,95219 CEDEX,tbabidge3y@scientificamerican.com,886-910-6612,N/A
CUS1981571663,Sibeal Dusting,4404 8th Street,La Seyne-sur-Mer,France,83514 CEDEX,sdusting3z@blogspot.com,815-168-5006,N/A
CUS3822688606,Gwen Georgel,53832 Shopko Plaza,Nantes,France,44916 CEDEX 9,ggeorgel40@upenn.edu,428-250-2977,CUS3591540900
CUS4164213167,Carolyn Alibone,21643 Granby Street,Montpellier,France,34032 CEDEX 1,calibone41@umn.edu,142-494-4423,CUS7611770675
CUS9152270866,Tybie Gockelen,673 Butterfield Plaza,Angers,France,49066 CEDEX 01,tgockelen42@chicagotribune.com,151-312-5857,CUS3725458952
CUS4932373171,Erda Fockes,68 Kedzie Street,Toulouse,France,31403 CEDEX 9,efockes43@wiley.com,674-803-7611,N/A
CUS2464432504,Luciano Moncreiff,38 Sherman Hill,Tilburg,Netherlands,5029,lmoncreiff44@ibm.com,651-136-3995,CUS8150854959
CUS8226959888,Pammi Wison,00645 Graceland Crossing,Cork,Ireland,T23,pwison45@sina.com.cn,832-935-6230,N/A
CUS3738194096,Preston Tommasetti,0697 Hazelcrest Center,Longvic,France,21604 CEDEX,ptommasetti46@tmall.com,586-982-9767,N/A
CUS8018090254,Erina Biaggioli,833 Memorial Lane,Chelles,France,77504 CEDEX,ebiaggioli47@alexa.com,261-390-5276,N/A
CUS7319780089,Lewie McCraw,701 Myrtle Road,_vreux,France,27929 CEDEX 9,lmccraw48@ocn.ne.jp,482-862-4461,CUS1946317063
CUS3008391796,Manfred Gravells,25917 Kipling Avenue,Mâcon,France,71024 CEDEX 9,mgravells49@alexa.com,764-613-2558,N/A
CUS6073283601,Shellysheldon Dranfield,07 Susan Terrace,Nice,France,06306 CEDEX 4,sdranfield4a@sina.com.cn,757-876-7250,CUS6766107200
CUS7611770675,Dodi Grammer,15 Porter Circle,Pau,France,64029 CEDEX 9,dgrammer4b@foxnews.com,319-936-8266,N/A
CUS3432315376,Pat Caff,6 School Plaza,Provins,France,77484 CEDEX,pcaff4c@state.gov,662-616-7210,CUS1979942986
CUS9501198537,Lazare Ely,3161 Morning Court,Clichy,France,92119 CEDEX,lely4d@mediafire.com,770-339-8101,N/A
CUS7150735614,Kalinda Reveley,25136 Kim Junction,Paris 17,France,75808 CEDEX 17,kreveley4e@nytimes.com,220-374-8785,CUS9117120543
CUS2050980337,Drusie Donaghie,1 Roth Alley,Landivisiau,France,29404 CEDEX,ddonaghie4f@edublogs.org,374-425-6098,CUS9901496896
CUS5597522949,Sayre Toombes,40 Grayhawk Way,Remiremont,France,88204 CEDEX,stoombes4g@amazon.de,255-450-3189,N/A
CUS8657017555,Claude Noah,46569 Luster Lane,Clervaux,Luxembourg,L-9765,cnoah4h@opensource.org,154-360-3148,N/A
CUS0326573062,Noami Whiterod,6 Warner Way,Brétigny-sur-Orge,France,91229 CEDEX,nwhiterod4i@marriott.com,345-139-6692,N/A
CUS2267511320,Cris Goosey,83 Rieder Road,Diekirch,Luxembourg,L-9378,cgoosey4j@is.gd,746-729-1814,N/A
CUS2672993394,Taryn Hakeworth,25 Twin Pines Circle,Saint-Maurice-l'Exil,France,38554 CEDEX,thakeworth4k@usda.gov,191-986-6534,N/A
CUS2462286713,Rianon Gerrey,8 Forest Dale Pass,Vallauris,France,06224 CEDEX,rgerrey4l@sogou.com,205-556-4365,N/A
CUS8201333454,Tasia Kildahl,84 Becker Crossing,Paris 16,France,75784 CEDEX 16,tkildahl4m@last.fm,520-700-9508,N/A
CUS6960815894,Kendal Fenwick,78979 Sloan Place,Carpentras,France,84977 CEDEX,kfenwick4n@sogou.com,261-118-5439,CUS7625017567
CUS0783483473,Magdaia Terbrugge,97545 Tennyson Trail,Bergen op Zoom,Netherlands,4619,mterbrugge4o@stumbleupon.com,947-614-1112,N/A
CUS5106823331,Aurilia Elstub,029 Nancy Road,Carcassonne,France,11803 CEDEX 9,aelstub4p@ycombinator.com,744-444-1216,N/A
CUS6981244861,Bondie Whipp,80905 Mendota Junction,Paris 17,France,75853 CEDEX 17,bwhipp4q@bloglovin.com,177-464-7159,N/A
CUS5050117607,Cindra Conaghy,9596 Onsgard Court,Thiers,France,63304 CEDEX,cconaghy4r@yahoo.com,265-300-1611,N/A
CUS0349373345,Burl Tayspell,13 Reinke Trail,Marne-la-Vallée,France,77708 CEDEX 4,btayspell4s@stumbleupon.com,927-219-0016,N/A
CUS8500356774,Hatti Battell,86 Westport Road,Bezons,France,95874 CEDEX,hbattell4t@dailymotion.com,646-288-9813,N/A
CUS1979942986,Alec Knock,6136 Lakewood Gardens Parkway,Berdorf,Luxembourg,L-6562,aknock4u@wisc.edu,354-276-2770,N/A
CUS1962480119,Micah Yarham,976 Northridge Street,Sophia Antipolis,France,06905 CEDEX,myarham4v@salon.com,190-345-0118,N/A
CUS3742255150,Jourdan Gaskamp,3905 Warrior Lane,Montpellier,France,34186 CEDEX 4,jgaskamp4w@delicious.com,926-982-6988,CUS7173648815
CUS7841738641,Eveleen Smullin,916 Scofield Road,Rueil-Malmaison,France,92848 CEDEX,esmullin4x@nationalgeographic.com,113-567-9474,CUS8956012032
CUS4084509183,Sonia Tytterton,311 Russell Court,Montesson,France,78364 CEDEX,stytterton4y@phpbb.com,818-383-3874,CUS8548635932
CUS7480262132,Elianora Tuckwood,6 Butternut Park,Arras,France,62025 CEDEX,etuckwood4z@g.co,230-191-7008,N/A
CUS4496777215,Isabelle Donovin,33156 Badeau Lane,Saint-Malo,France,35409 CEDEX,idonovin50@jalbum.net,655-320-1426,N/A
CUS7120774123,Darnell Gulliford,4 Bay Lane,Gif-sur-Yvette,France,91199 CEDEX,dgulliford51@wikipedia.org,587-653-6452,CUS6063653236
CUS5060359840,Aile Krystek,63 Jenifer Pass,Briey,France,54154 CEDEX,akrystek52@utexas.edu,261-653-1342,CUS8785551031
CUS7849827244,Amity Newlove,71888 Harbort Drive,Adare,Ireland,H54,anewlove53@dedecms.com,790-700-8261,CUS9286975155
CUS0335637140,Wyndham Coultas,336 Lukken Center,Kirkton,United Kingdom,KW10,wcoultas54@trellian.com,117-881-1005,CUS5617097105
CUS4512520449,Cecil Di Bernardo,399 Green Ridge Hill,Kingersheim,France,68264 CEDEX,cdi55@is.gd,146-710-5704,CUS6401927836
CUS5487886393,Alley Brodest,0 Dexter Circle,Valence,France,26003 CEDEX,abrodest56@trellian.com,879-289-6381,N/A
CUS7002152815,Legra Millyard,017 Emmet Court,Rueil-Malmaison,France,92848 CEDEX,lmillyard57@ftc.gov,355-305-1154,N/A
CUS8607938576,Tamra Setterfield,8 Kennedy Alley,Istres,France,13802 CEDEX,tsetterfield58@state.gov,386-660-7180,N/A
CUS3611501190,Iris Filde,0 Memorial Pass,Saint-Chamond,France,42404 CEDEX,ifilde59@pinterest.com,573-813-8881,N/A
CUS9838711381,Avrit Purvey,8 Carey Circle,Mérignac,France,33709 CEDEX,apurvey5a@shareasale.com,438-609-5778,N/A
CUS1386317683,Rancell Minihane,45784 Homewood Plaza,Chambéry,France,73009 CEDEX,rminihane5b@g.co,635-315-5679,CUS1330727908
CUS5251958803,Darn Richemont,1 South Trail,Vernon,France,27204 CEDEX,drichemont5c@virginia.edu,897-561-9794,N/A
CUS7565341584,Kimbra Tubby,83 Kenwood Junction,Remiremont,France,88204 CEDEX,ktubby5d@yahoo.com,355-395-5921,CUS3253694305
CUS0181978083,Sydel Paxton,7 Miller Plaza,Bordeaux,France,33010 CEDEX,spaxton5e@instagram.com,758-403-6463,CUS7120774123
CUS3577277890,Robinia Owen,4 Anhalt Drive,Cergy-Pontoise,France,95021 CEDEX,rowen5f@salon.com,314-921-7608,N/A
CUS7500030959,Sophia Kenway,72 Heffernan Road,'s-Hertogenbosch,Netherlands,5224,skenway5g@spiegel.de,822-793-6393,N/A
CUS4502240419,Codee Satterlee,8115 Johnson Road,Saint-Maixent-l'_cole,France,79404 CEDEX,csatterlee5h@businessinsider.com,750-405-0964,N/A
CUS5422844939,Elva Verdy,502 Schiller Trail,Dijon,France,21040 CEDEX,everdy5i@mtv.com,233-801-3380,CUS0198907958
CUS2405604809,Ruperta Coddington,0 Cody Terrace,Claremorris,Ireland,A86,rcoddington5j@wikipedia.org,806-849-1492,N/A
CUS2686085533,Antonella Lipscombe,567 Anniversary Trail,Saint-_tienne,France,42963 CEDEX 9,alipscombe5k@amazon.co.jp,289-982-2202,CUS7120774123
CUS8203400094,Mano Ambrogioli,47 Victoria Street,Emmen,Netherlands,7824,mambrogioli5l@de.vu,897-509-0411,CUS4576186825
CUS2798134854,Tynan Hoggin,352 Tomscot Point,Villejuif,France,94809 CEDEX,thoggin5m@ftc.gov,298-647-6457,N/A
CUS3381830244,Gannie Hurry,8 Talmadge Crossing,Grenoble,France,38035 CEDEX 2,ghurry5n@cisco.com,301-700-4450,CUS8203400094
CUS1261406559,Freeman Tocher,7617 Pine View Court,Le Mans,France,72052 CEDEX 2,ftocher5o@nyu.edu,124-380-7730,N/A
CUS7419099944,Arnold Sunner,97161 Mallory Park,Liverpool,United Kingdom,L33,asunner5p@constantcontact.com,112-957-9966,N/A
CUS3085649263,Denys Woodwin,17367 Londonderry Place,Carrigaline,Ireland,P43,dwoodwin5q@unc.edu,731-689-4749,CUS9941716374
CUS2469326311,Allard Cumberlidge,6715 Sheridan Street,Le Havre,France,76600,acumberlidge5r@tamu.edu,627-569-7393,CUS5622992699
CUS2447657889,Crystal Colt,97344 Cordelia Terrace,Manosque,France,04104 CEDEX,ccolt5s@webmd.com,676-841-5586,N/A
CUS0718361768,Bernelle Sturdey,40 Barnett Road,Vitry-sur-Seine,France,94785 CEDEX,bsturdey5t@zdnet.com,759-221-5670,N/A
CUS2051053375,Kayne Camilli,11 Troy Point,Apeldoorn,Netherlands,7319,kcamilli5u@clickbank.net,495-742-5288,CUS7104554157
CUS6309493817,Neala Readwin,4 Beilfuss Lane,Niort,France,79099 CEDEX 9,nreadwin5v@devhub.com,673-979-8989,N/A
CUS4576186825,Stevy Beller,6217 Dennis Avenue,Marly,France,57155,sbeller5w@people.com.cn,759-998-4730,N/A
CUS7802489601,Fern Esmonde,1954 Packers Point,Paris 02,France,75080 CEDEX 02,fesmonde5x@fc2.com,683-481-3650,N/A
CUS0342969579,Linn Derell,42 3rd Parkway,Bordeaux,France,33060 CEDEX,lderell5y@soup.io,294-120-4247,N/A
CUS7529295578,Keefe Porson,90707 Manufacturers Pass,Hagondange,France,57304 CEDEX,kporson5z@chicagotribune.com,824-832-8096,CUS5071448645
CUS9901496896,Lin Spaughton,4 Banding Place,Pau,France,64017 CEDEX 9,lspaughton60@hc360.com,891-508-4406,CUS5251958803
CUS9510634700,Darrin Romain,5 Texas Junction,Nantes,France,44916 CEDEX 9,dromain61@arizona.edu,637-268-6187,N/A
CUS2685664459,Delmor Olenikov,89 Service Court,Floirac,France,33274 CEDEX,dolenikov62@nature.com,393-376-2309,CUS1315713233
CUS6525118174,Mabelle Barmadier,6 Dwight Lane,Laon,France,02004 CEDEX,mbarmadier63@free.fr,602-617-1140,N/A
CUS2200402813,Calla Kamena,363 Trailsway Street,Saint-Leu-la-Forêt,France,95324 CEDEX,ckamena64@tripod.com,273-505-8383,N/A
CUS8736962228,Hanson MacEveley,0 Morningstar Pass,Arpajon,France,91295 CEDEX,hmaceveley65@myspace.com,685-686-5302,N/A
CUS2614053503,Brigitte Darrington,1 Arapahoe Parkway,Lelystad,Netherlands,8204,bdarrington66@baidu.com,699-870-0935,N/A
CUS3912010463,Randie Jaggli,96 Surrey Hill,Chartres,France,28009 CEDEX,rjaggli67@storify.com,764-827-9258,N/A
CUS2404338056,Cherlyn Pietzker,56347 Burning Wood Trail,Verdun,France,55109 CEDEX,cpietzker68@fotki.com,275-273-3036,N/A
CUS0964175193,Katlin Trowel,30258 Del Sol Place,Tournan-en-Brie,France,77224 CEDEX,ktrowel69@youtube.com,338-323-7302,N/A
CUS2301646262,Jarad Dovinson,8273 Northridge Drive,Paris La Défense,France,92974 CEDEX,jdovinson6a@nasa.gov,891-722-8775,N/A
CUS2891104692,Lexy Windley,93268 Laurel Plaza,Trélissac,France,24758 CEDEX,lwindley6b@thetimes.co.uk,246-676-0966,N/A
CUS9902174922,Carri Mashro,654 Hanover Park,Vénissieux,France,69639 CEDEX,cmashro6c@dyndns.org,992-687-2809,CUS1598776894
CUS0186724608,Forrest Molen,73282 Kensington Crossing,Rosmalen,Netherlands,5249,fmolen6d@spotify.com,319-859-8139,N/A
CUS8150854959,Corliss Arnowitz,539 Glacier Hill Road,Toulouse,France,31931 CEDEX 9,carnowitz6e@economist.com,922-105-5912,N/A
CUS0755718399,Kamillah Bellward,442 Loeprich Terrace,Paris 19,France,75166 CEDEX 19,kbellward6f@cpanel.net,932-737-4423,N/A
CUS7984329591,Vinni Richley,1 Esch Lane,Montpellier,France,34186 CEDEX 4,vrichley6g@si.edu,768-197-5135,N/A
CUS8546786623,Mellisent Cantwell,126 Warrior Pass,Dinan,France,22104 CEDEX,mcantwell6h@amazon.de,906-383-8952,N/A
CUS7623095226,Rog Bulpitt,01 Northfield Crossing,Ajaccio,France,20195 CEDEX 1,rbulpitt6i@google.fr,373-725-2311,N/A
CUS5934762575,Gina Rawlings,29 Towne Plaza,Gif-sur-Yvette,France,91194 CEDEX,grawlings6j@php.net,799-178-0785,N/A
CUS3506128213,Care Merigot,713 Transport Trail,Marly-le-Roi,France,78165 CEDEX,cmerigot6k@dedecms.com,241-525-4628,N/A
CUS3333948133,Johnette Elford,99988 Macpherson Alley,Nanterre,France,92024 CEDEX,jelford6l@berkeley.edu,769-135-5980,N/A
CUS6766107200,Sydelle Fautly,3 Sloan Circle,Valenciennes,France,59304 CEDEX,sfautly6m@i2i.jp,915-868-4952,N/A
CUS1944134514,Lissy Milkins,1183 Hintze Crossing,Senlis,France,60309 CEDEX,lmilkins6n@mit.edu,776-905-4117,N/A
CUS1091430837,Nora Ambroise,1 Buell Court,Metz,France,57751 CEDEX 9,nambroise6o@nhs.uk,870-532-5889,N/A
CUS3341141308,Nolana Florentine,0 Claremont Hill,Puteaux,France,92822 CEDEX,nflorentine6p@who.int,309-718-3393,N/A
CUS1237854598,Michal Zannetti,4749 Dennis Plaza,Ballina,Ireland,F26,mzannetti6q@businessweek.com,582-441-6673,N/A
CUS0470481838,Phillipp Gauden,5466 Shelley Terrace,Winseler,Luxembourg,L-9696,pgauden6r@washington.edu,571-758-0991,CUS3912010463
CUS5998183185,Alvera Delgadillo,218 Caliangt Circle,Nantes,France,44945 CEDEX 9,adelgadillo6s@fda.gov,843-597-0626,CUS2359915207
CUS5317230608,Kaitlyn Derrick,983 Graceland Alley,Mulhouse,France,68092 CEDEX 2,kderrick6t@liveinternet.ru,367-917-7503,CUS2051053375
CUS0937675989,Rand Zoephel,7 Macpherson Trail,Best,Netherlands,5684,rzoephel6u@g.co,981-331-0291,N/A
CUS5028293112,Anders Bugs,12 Carpenter Drive,Romilly-sur-Seine,France,10104 CEDEX,abugs6v@github.com,869-950-7185,N/A
CUS5762388875,Jan Conman,1174 Macpherson Place,Aubenas,France,07209 CEDEX,jconman6w@fastcompany.com,350-667-8822,CUS8189134566
CUS1271951401,Bary Jochen,2983 Pankratz Avenue,Newbiggin,United Kingdom,NE46,bjochen6x@ehow.com,318-843-1329,N/A
CUS0198907958,Kerianne Steedman,79 Reinke Lane,Mondorf-les-Bains,Luxembourg,L-5659,ksteedman6y@jalbum.net,448-470-8759,CUS8176569860
CUS3648492160,Camel Ordish,8458 Gerald Center,London,United Kingdom,EC3M,cordish6z@github.io,673-913-0297,N/A
CUS9286975155,Riva Francecione,33490 Dayton Center,Annonay,France,07104 CEDEX,rfrancecione70@wsj.com,113-758-6284,CUS7802489601
CUS6588182066,Samuel Heathwood,1 Stang Junction,Dijon,France,21083 CEDEX 9,sheathwood71@boston.com,638-855-3926,N/A
CUS8184312334,Marga Eddie,90 Manitowish Way,Bressuire,France,79304 CEDEX,meddie72@liveinternet.ru,615-878-4024,N/A
CUS5428326506,Kamila Cawsby,5688 Karstens Street,Marne-la-Vallée,France,77708 CEDEX 4,kcawsby73@marketwatch.com,408-461-9070,CUS7875297680
CUS8176569860,Magda Blackford,09 Vera Avenue,Tullamore,Ireland,R35,mblackford74@jiathis.com,689-157-1920,N/A
CUS1684524008,Barnabe Simonini,0411 Meadow Vale Hill,Crumlin,Ireland,D6W,bsimonini75@examiner.com,314-979-4265,N/A
CUS1887686843,Mary De Gregario,1 Chinook Junction,Castlebridge,Ireland,R14,mde76@nbcnews.com,665-877-7332,CUS2278353411
CUS2278353411,Alain Klosser,12075 Mandrake Alley,Châtillon,France,92324 CEDEX,aklosser77@cbc.ca,254-341-2704,CUS5772154958
CUS5699435123,Verine Jackalin,265 Hovde Drive,Tours,France,37016 CEDEX 1,vjackalin78@reuters.com,213-665-7549,N/A
CUS8056145044,Georas Geistmann,8170 Chinook Point,Leeds,United Kingdom,LS6,ggeistmann79@mlb.com,200-860-0431,CUS4164213167
CUS9831686721,Marillin Goshawke,73 Green Ridge Hill,Nieuwegein,Netherlands,3439,mgoshawke7a@comcast.net,350-761-2435,CUS9901496896
CUS9705290881,Nathanil Haggerstone,284 Loomis Park,Malahide,Ireland,K36,nhaggerstone7b@tumblr.com,706-992-3880,N/A
CUS8530307291,Herb McCambridge,14 Blaine Parkway,Grenoble,France,38066 CEDEX 2,hmccambridge7c@fda.gov,470-518-9109,CUS2617954021
CUS8785551031,Vick Offord,9264 Cody Street,Rennes,France,35076 CEDEX 9,vofford7d@bigcartel.com,384-283-9448,N/A
CUS4858770729,Madelle Fairy,94 Arapahoe Avenue,Brie-Comte-Robert,France,77254 CEDEX,mfairy7e@storify.com,601-102-4653,N/A
CUS3148982312,Gregoor Mathivat,7072 Mariners Cove Crossing,Voiron,France,38509 CEDEX,gmathivat7f@home.pl,755-941-2719,CUS8828294876
CUS9022768252,Jessi Tudge,2 Golf View Way,Suresnes,France,92154 CEDEX,jtudge7g@rakuten.co.jp,891-369-5519,N/A
CUS8938067742,Tally Johnke,0 Corscot Court,Ajaccio,France,20174 CEDEX 1,tjohnke7h@jigsy.com,664-298-7455,CUS8192585018
CUS6959930510,Inigo Priddie,5818 Springs Hill,Leidschendam,Netherlands,2264,ipriddie7i@bigcartel.com,811-113-6812,N/A
CUS5281413740,Christiane Peile,1 Hanover Street,Coulommiers,France,77529 CEDEX,cpeile7j@youtube.com,265-854-6472,CUS3333948133
CUS9959681238,Dulciana Matuszinski,8386 Sachs Pass,Aix-en-Provence,France,13792 CEDEX 3,dmatuszinski7k@theglobeandmail.com,480-105-3077,N/A
CUS0869953095,Guenevere Bartlomiej,3599 Mcbride Parkway,Massy,France,91309 CEDEX,gbartlomiej7l@naver.com,731-915-6950,N/A
CUS6798938434,Benji Wolfers,44 Rowland Hill,Besançon,France,25014 CEDEX,bwolfers7m@blogtalkradio.com,981-186-6913,CUS3008391796
CUS8071851191,Jobey Boulden,7 Moland Hill,Colmar,France,68004 CEDEX,jboulden7n@loc.gov,563-409-4134,CUS7115252505
CUS6127546869,Erick Toombs,6962 Fisk Point,Kilkenny,Ireland,R95,etoombs7o@purevolume.com,317-110-0170,N/A
CUS5797193868,Bogey McGilben,7783 Myrtle Terrace,Clamart,France,92144 CEDEX,bmcgilben7p@ftc.gov,685-480-7522,CUS1505369800
CUS2870407254,Courtney Arne,50 Gulseth Street,Greenhills,Ireland,D6W,carne7q@t-online.de,395-235-9449,N/A
CUS2066613908,Morton Clubley,360 Eggendart Park,Niedercorn,Luxembourg,L-4993,mclubley7r@a8.net,490-727-3329,N/A
CUS4025902052,Brena MacDermid,24 Sachs Avenue,Poitiers,France,86062 CEDEX 9,bmacdermid7s@discuz.net,143-227-4144,N/A
CUS0668628715,Florinda Carabine,5 Pond Court,Montbéliard,France,25215 CEDEX,fcarabine7t@ihg.com,125-705-3093,CUS2193579504
CUS3228268209,Daryle Hyrons,760 Hooker Terrace,Vendargues,France,34747 CEDEX,dhyrons7u@webs.com,375-305-5629,N/A
CUS9375218910,Matthiew Ozanne,123 Old Gate Parkway,Poissy,France,78304 CEDEX,mozanne7v@google.ca,656-398-7376,N/A
CUS9571295957,Honey Boxhill,98959 Dahle Crossing,Brive-la-Gaillarde,France,19117 CEDEX,hboxhill7w@pen.io,540-987-1104,CUS3810548448
CUS9092322512,Hazlett Essame,061 Merry Terrace,Nîmes,France,30006 CEDEX 4,hessame7x@sun.com,296-559-3099,N/A
CUS2193579504,Bordie Ricco,15756 Moulton Street,Beauvais,France,60006 CEDEX,bricco7y@washingtonpost.com,480-126-8946,CUS3587428794
CUS2518221786,Rochester Prewer,1 Bayside Street,Bonneville,France,74134 CEDEX,rprewer7z@earthlink.net,642-934-7091,N/A
CUS8192585018,Baxter Holdall,2781 Spaight Hill,Aix-en-Provence,France,13858 CEDEX 3,bholdall80@statcounter.com,483-853-2093,N/A
CUS6533017829,Nefen Hunnicutt,2 Westend Center,Nantes,France,44265 CEDEX 2,nhunnicutt81@elegantthemes.com,684-759-8193,N/A
CUS7498113090,Osbourn Greedier,6055 Bluejay Center,Gardanne,France,13548 CEDEX,ogreedier82@yale.edu,225-904-2079,CUS2464089575
CUS4923587806,Modestia Titmarsh,88887 Forster Court,Caherconlish,Ireland,F45,mtitmarsh83@ameblo.jp,861-886-8758,N/A
CUS5853736426,Fredra Verrall,3 Elmside Hill,Crépy-en-Valois,France,60804 CEDEX,fverrall84@indiegogo.com,575-224-2168,N/A
CUS8842818488,Jaquelyn Hackinge,64 Doe Crossing Place,Ploemeur,France,56274 CEDEX,jhackinge85@jimdo.com,734-763-3870,N/A
CUS6540175744,Wilmette Vettore,18364 Leroy Place,Milton,United Kingdom,AB56,wvettore86@chicagotribune.com,673-604-1951,N/A
CUS0346302390,Celestyna Briscam,3440 Mayfield Crossing,Le Blanc-Mesnil,France,93154 CEDEX,cbriscam87@techcrunch.com,234-965-1329,N/A
CUS2348169959,Monroe Vanichkov,38 Bashford Circle,Rennes,France,35076 CEDEX 9,mvanichkov88@wikipedia.org,911-994-7508,CUS1796896772
CUS4509481500,Nikkie Frick,39 Portage Park,Birmingham,United Kingdom,B12,nfrick89@nymag.com,894-321-8295,CUS3738194096
CUS6750553702,Bette MacGahy,0657 Browning Junction,Breda,Netherlands,4839,bmacgahy8a@salon.com,108-323-3246,N/A
CUS8828294876,Woodman Bazley,2 Eggendart Lane,Lunel,France,34404 CEDEX,wbazley8b@cisco.com,847-548-3003,N/A
CUS4117705415,Janela Brithman,3370 Graedel Place,Eadestown,Ireland,A86,jbrithman8c@scribd.com,158-637-0383,N/A
CUS0667980644,Amity Rossant,3213 Ramsey Park,Belfort,France,90009 CEDEX,arossant8d@nba.com,935-638-1976,N/A
CUS9669922704,Elena Exroll,534 Welch Court,Veldhoven,Netherlands,5509,eexroll8e@naver.com,695-274-3697,N/A
CUS6122795623,Pascale McKew,06977 Morningstar Court,Strasbourg,France,67953 CEDEX 9,pmckew8f@redcross.org,883-942-5995,N/A
CUS6401927836,Essa Andrea,1 Sullivan Avenue,Angers,France,49033 CEDEX 01,eandrea8g@hubpages.com,727-631-8062,N/A
CUS9400284608,Dasya Minchin,8 Dexter Park,Thaon-les-Vosges,France,88154 CEDEX,dminchin8h@nymag.com,886-275-7986,N/A
CUS5147122206,Breena Broz,8 Pine View Center,Troyes,France,10014 CEDEX,bbroz8i@webmd.com,798-590-2408,N/A
CUS5318750257,Terrance Golly,1 Dunning Park,Tuam,Ireland,H54,tgolly8j@bravesites.com,517-141-1358,N/A
CUS1713550946,Sullivan Pillans,46 Heath Trail,Abbeville,France,80146 CEDEX,spillans8k@apple.com,709-898-6362,CUS2891104692
CUS9937349176,Olly Follin,11 Glendale Plaza,Agen,France,47912 CEDEX 9,ofollin8l@blogtalkradio.com,949-179-4424,N/A
CUS6120903224,Adriana Trorey,3 Gerald Lane,_vreux,France,27095 CEDEX 9,atrorey8m@pagesperso-orange.fr,332-220-4374,CUS1341801934
CUS2858167869,Maryjane Lourenco,6 Weeping Birch Street,Pessac,France,33604 CEDEX,mlourenco8n@ask.com,980-411-1536,N/A
CUS7416800110,Krystalle Furmenger,9 Oak Lane,Arcueil,France,94114 CEDEX,kfurmenger8o@seattletimes.com,725-942-8007,N/A
CUS2515867197,Neile McBean,6374 Dunning Circle,Paris 02,France,75075 CEDEX 02,nmcbean8p@goo.gl,845-650-4610,N/A
CUS1208700103,Saba Rembrandt,7 Hermina Drive,Pétange,Luxembourg,L-8381,srembrandt8q@gizmodo.com,760-419-4413,N/A
CUS4743094178,Yoko Tabbernor,717 Spaight Place,Nantes,France,44101 CEDEX 4,ytabbernor8r@purevolume.com,176-104-9298,N/A
CUS1104107678,Robina Prophet,325 Golf Road,Blois,France,41004 CEDEX,rprophet8s@360.cn,175-700-5252,CUS6282311217
CUS5339510921,Tootsie Huxton,0354 Sunbrook Hill,Abbeville,France,80146 CEDEX,thuxton8t@bing.com,349-793-3329,N/A
CUS0319296857,Jillane Mussettini,10 Mosinee Street,Paris 18,France,75879 CEDEX 18,jmussettini8u@vimeo.com,192-183-3449,N/A
CUS6022337518,Kandy Chadney,38889 Springs Point,Paris 02,France,75104 CEDEX 02,kchadney8v@vk.com,153-573-7833,N/A
CUS9914827667,Dulciana Hannibal,539 Corben Center,Montigny-lès-Metz,France,57954 CEDEX,dhannibal8w@wordpress.org,100-494-1141,CUS3912010463
CUS2942879726,Fabe Loney,748 Doe Crossing Plaza,Ballymahon,Ireland,F52,floney8x@lycos.com,581-256-8561,N/A
CUS6230833417,Aeriell Glenfield,7002 Marcy Way,Rouen,France,76418 CEDEX 9,aglenfield8y@disqus.com,403-864-9493,N/A
CUS9394629246,Evie Levermore,62 Shopko Junction,Mayenne,France,53104 CEDEX,elevermore8z@cpanel.net,344-100-5724,N/A
CUS4459886952,Aurelea Bartles,39 Fuller Avenue,Roissy Charles-de-Gaulle,France,95915 CEDEX 2,abartles90@soundcloud.com,184-908-0544,N/A
CUS7951920134,Josefa Leivers,50 Grasskamp Place,Rouen,France,76926 CEDEX 9,jleivers91@newyorker.com,788-720-3342,N/A
CUS8021016639,Gabriella Caudray,84018 Sugar Drive,Angers,France,49066 CEDEX 01,gcaudray92@msn.com,984-411-6941,N/A
CUS8165961500,Marney Pagett,3 Corry Road,Angers,France,49066 CEDEX 01,mpagett93@friendfeed.com,202-933-6613,N/A
CUS7727144401,Melamie Shrubb,9710 Service Trail,Beaune,France,21209 CEDEX,mshrubb94@addthis.com,516-552-7560,N/A
CUS5132275095,Donia Ringham,1 South Pass,Bruxelles,Belgium,1170,dringham95@imgur.com,860-605-6649,N/A
CUS3587428794,Joshia Brothwood,164 Delaware Center,Laval,France,53080 CEDEX 9,jbrothwood96@typepad.com,697-205-4171,N/A
CUS8560514589,Hammad Lougheed,30287 Wayridge Way,Ballymahon,Ireland,F52,hlougheed97@ebay.com,885-597-8093,N/A
CUS7749762299,Marcelline Nuss,20 Reindahl Crossing,Carlton,United Kingdom,DL8,mnuss98@creativecommons.org,497-430-7229,CUS0702267945
CUS4423979195,Ana Portail,6811 Starling Pass,Roissy Charles-de-Gaulle,France,95974 CEDEX 2,aportail99@topsy.com,743-926-4559,N/A
CUS1022762222,Candida Domsalla,979 Dapin Circle,Chaumont,France,52011 CEDEX,cdomsalla9a@soup.io,554-285-8248,N/A
CUS0928204782,Guthry Berney,8806 Homewood Junction,Avignon,France,84007 CEDEX 1,gberney9b@imgur.com,612-979-8919,N/A
CUS1540707172,Forester Ditchett,40 Haas Parkway,Lagnieu,France,01154 CEDEX,fditchett9c@ezinearticles.com,756-431-3142,N/A
CUS1103627856,Stephenie Lamartine,64 Rowland Place,Lille,France,59895 CEDEX 9,slamartine9d@diigo.com,254-980-7732,N/A
CUS3660980579,Goober Raeside,16307 Vernon Parkway,Saint-_tienne,France,42045 CEDEX 1,graeside9e@i2i.jp,921-825-4967,N/A
CUS7115252505,Christophe Itzchaki,06 Stuart Court,Orvault,France,44706 CEDEX,citzchaki9f@nature.com,844-673-7214,N/A
CUS3508913090,Ulric Kitchin,2842 Declaration Hill,Youghal,Ireland,P36,ukitchin9g@instagram.com,633-625-5363,CUS3341141308
CUS0264268830,Winn Mant,0 Gerald Parkway,Roissy Charles-de-Gaulle,France,95943 CEDEX 2,wmant9h@kickstarter.com,868-784-9342,N/A
CUS3294276060,Lucina Grand,126 Clarendon Parkway,Ballisodare,Ireland,E45,lgrand9i@hao123.com,783-976-3619,N/A
CUS8993417709,Ellynn Caulton,0545 Annamark Place,Montpellier,France,34964 CEDEX 2,ecaulton9j@lulu.com,770-425-7727,N/A
CUS8695167410,Gweneth Worts,1939 Karstens Junction,Golbey,France,88194 CEDEX,gworts9k@ox.ac.uk,191-126-5305,CUS2462286713
CUS2602615323,Vinnie Alves,38849 Kingsford Circle,Noisy-le-Grand,France,93164 CEDEX,valves9l@nba.com,845-161-1722,CUS2685664459
CUS9864704958,Hailee Choules,80 Rusk Hill,Bantry,Ireland,P75,hchoules9m@ask.com,276-799-9102,CUS1503010945
CUS3219760317,Cele Cavaney,6222 Londonderry Junction,Marseille,France,13269 CEDEX 08,ccavaney9n@statcounter.com,882-415-5453,N/A
CUS2471316379,Dorothee Shillabeer,41105 Straubel Crossing,Aulnay-sous-Bois,France,93604 CEDEX,dshillabeer9o@drupal.org,525-305-8688,CUS8430998942
CUS0349331189,Dame Fancott,5 Ronald Regan Circle,Middleton,United Kingdom,LE16,dfancott9p@europa.eu,381-403-5971,CUS0056803036
CUS5844533984,Cornie Etherson,8 Pond Street,Zevenaar,Netherlands,6904,cetherson9q@discovery.com,572-757-9222,N/A
CUS8956012032,Jonathan Linham,17359 Nova Drive,Saint-Brieuc,France,22042 CEDEX 2,jlinham9r@cisco.com,207-623-2815,N/A
CUS6590531439,Nadine Saffon,67 Nancy Park,Cluain Meala,Ireland,E91,nsaffon9s@digg.com,699-488-3280,CUS7565341584
CUS4436795195,Willis Borborough,82288 Village Street,Toulouse,France,31029 CEDEX 4,wborborough9t@shareasale.com,357-690-9203,N/A
CUS5999378761,Lind Quayle,01 Springs Lane,Paris 17,France,75837 CEDEX 17,lquayle9u@economist.com,153-862-9143,N/A
CUS5864849154,Pen Baldinotti,88 Lakewood Lane,Manchester,United Kingdom,M14,pbaldinotti9v@admin.ch,458-342-8413,N/A
CUS6634254907,Dalston Ferrelli,78010 Dryden Avenue,Eindhoven,Netherlands,5629,dferrelli9w@vistaprint.com,897-474-8802,N/A
CUS1821902440,Cynthy Bru,2 Rutledge Way,Rive-de-Gier,France,42809 CEDEX,cbru9x@blog.com,669-492-7655,N/A
CUS8714658291,Humbert Geerdts,99933 Bay Circle,Aix-en-Provence,France,13858 CEDEX 3,hgeerdts9y@ning.com,564-294-3347,N/A
CUS0040865932,Alene Curreen,8227 Rutledge Terrace,Bondy,France,93144 CEDEX,acurreen9z@cmu.edu,436-899-3772,CUS0418529809
CUS3085852093,Bernadette Shilliday,33 Crownhardt Court,Paris 08,France,75390 CEDEX 08,bshillidaya0@clickbank.net,959-191-2036,N/A
CUS9540043492,Randi Wevell,75 Barby Pass,Montluçon,France,03104 CEDEX,rwevella1@devhub.com,507-306-8084,N/A
CUS1235597083,Sanders Beechcraft,5021 Oakridge Junction,Laon,France,02004 CEDEX,sbeechcrafta2@hibu.com,933-654-6443,N/A
CUS2404489968,Lazar Kloser,9 Orin Center,Mougins,France,06254 CEDEX,lklosera3@bloomberg.com,646-414-3769,N/A
CUS0365283169,Ingamar Gyford,506 Stone Corner Junction,Ballisodare,Ireland,E45,igyforda4@washingtonpost.com,512-103-6741,CUS1991758499
CUS9081937030,Mariska Partleton,2 Monument Trail,Caen,France,14040 CEDEX 4,mpartletona5@stumbleupon.com,969-370-6285,N/A
CUS4818183709,Valdemar Laborde,3252 Mockingbird Point,Ratoath,Ireland,A85,vlabordea6@nationalgeographic.com,747-483-8085,N/A
CUS8393010047,Alisun Ghilks,8 Goodland Circle,Guebwiller,France,68504 CEDEX,aghilksa7@wikia.com,123-184-0032,CUS9092322512
CUS8214379040,Paxton Cremer,4159 Moulton Circle,Waldbredimus,Luxembourg,L-5465,pcremera8@marriott.com,954-581-0570,N/A
CUS7402177998,Hubey Bonsey,3 Oakridge Park,Caen,France,14097 CEDEX 9,hbonseya9@sun.com,772-248-2862,N/A
CUS2740649282,Valene Dederick,80783 Mcguire Drive,Kilkenny,Ireland,R95,vdederickaa@jimdo.com,756-445-4738,N/A
CUS7797017468,Tommie Jakeway,30 Delaware Terrace,Arbois,France,39605 CEDEX,tjakewayab@reference.com,471-474-3003,N/A
CUS6581157872,Pryce Ellershaw,41 Talisman Parkway,Décines-Charpieu,France,69154 CEDEX,pellershawac@columbia.edu,872-208-1345,N/A
CUS3879310602,Murvyn McGrill,8 Buena Vista Trail,Bordeaux,France,33801 CEDEX,mmcgrillad@sakura.ne.jp,268-975-7063,N/A
CUS8533754787,Bryanty Giff,99225 Dixon Junction,Apeldoorn,Netherlands,7309,bgiffae@google.nl,467-663-5263,N/A
CUS3610620455,Demetris Sharram,97034 Amoth Lane,Hayange,France,57704 CEDEX,dsharramaf@istockphoto.com,824-116-1305,N/A
CUS8483181592,Lucienne McKevany,1708 Village Green Junction,Rathangan,Ireland,A45,lmckevanyag@soup.io,778-546-1765,CUS3341141308
CUS5282908239,Jojo Capel,99883 Killdeer Junction,Mougins,France,06254 CEDEX,jcapelah@arizona.edu,194-191-9990,N/A
CUS2648820051,Jessamine Rotge,86 Jenna Court,Chalon-sur-Saône,France,71109 CEDEX,jrotgeai@bbb.org,844-190-9090,CUS6514189113
CUS6643222508,Myra Spinks,48 Delaware Junction,Paris 02,France,75080 CEDEX 02,mspinksaj@ibm.com,243-987-9546,N/A
CUS3590959622,Barrie Somerlie,0 Schmedeman Trail,Argenteuil,France,95109 CEDEX,bsomerlieak@google.pl,147-246-4016,N/A
CUS8268237988,Muhammad Hansen,39 Anthes Hill,Meudon,France,92195 CEDEX,mhansenal@altervista.org,253-973-2180,N/A
CUS5434348680,Josh Capnerhurst,03077 Dunning Park,Leudelange,Luxembourg,L-3377,jcapnerhurstam@addthis.com,158-479-6025,CUS1261406559
CUS9861275711,Dietrich Clissold,033 Southridge Drive,Delft,Netherlands,2624,dclissoldan@webnode.com,157-826-8640,N/A
CUS7233835160,Avrit Liebmann,6 Mallard Junction,Katwijk,Netherlands,2228,aliebmannao@unc.edu,346-859-0417,N/A
CUS0571104967,Stephana Kniveton,6 Jenna Center,Nice,France,06357 CEDEX 4,sknivetonap@washingtonpost.com,657-438-9123,N/A
CUS6892082351,Saundra Kynforth,448 Derek Circle,Marseille,France,13348 CEDEX 20,skynforthaq@arstechnica.com,807-677-9831,N/A
CUS1033604496,Ephraim Chapling,7 Gale Place,Fleury-les-Aubrais,France,45404 CEDEX,echaplingar@yale.edu,837-540-9668,CUS8565490017
CUS7852288898,Fanechka Kikke,10 Holmberg Junction,Aix-en-Provence,France,13792 CEDEX 3,fkikkeas@tiny.cc,543-134-4639,CUS2685664459
CUS4807868241,Duky Fawthrop,0 Lakewood Gardens Street,Nîmes,France,30942 CEDEX 9,dfawthropat@senate.gov,513-667-3557,N/A
CUS2761106970,Felicity Duckworth,1 Shelley Pass,Carrigtwohill,Ireland,P24,fduckworthau@umn.edu,199-509-0828,N/A
CUS5915549969,Laney Kordovani,05458 Trailsway Hill,Besançon,France,25014 CEDEX,lkordovaniav@slashdot.org,560-186-5167,N/A
CUS3977498797,Julita Abbett,30403 Muir Street,Grenoble,France,38066 CEDEX 2,jabbettaw@webeden.co.uk,288-903-0589,N/A
CUS6697500344,Cordey Erbe,53 Fisk Place,Monte-Carlo,Monaco,98000,cerbeax@joomla.org,609-726-1967,CUS2740649282
CUS7030582586,Clarinda O'Meara,4 Elmside Trail,Montauban,France,82070 CEDEX,comearaay@nba.com,319-990-5699,N/A
CUS3187741517,Marketa Swaddle,34 Texas Hill,Lyon,France,69367 CEDEX 07,mswaddleaz@aol.com,124-138-5352,N/A
CUS1476674221,Jaymie Halling,06 Miller Plaza,Bridel,Luxembourg,L-8165,jhallingb0@cbslocal.com,634-680-3373,N/A
CUS9648108056,Dimitry Skettles,282 Hazelcrest Trail,Troyes,France,10081 CEDEX,dskettlesb1@fema.gov,840-933-7183,N/A
CUS5871683185,Clay O'Donegan,630 Independence Plaza,Paris 11,France,75547 CEDEX 11,codoneganb2@ow.ly,459-664-7658,N/A
CUS3656326665,Thekla Hessel,778 6th Alley,Paris 15,France,75712 CEDEX 15,thesselb3@facebook.com,225-489-3415,N/A
CUS3856926208,Kip Mifflin,10584 Bartillon Street,Taverny,France,95251 CEDEX,kmifflinb4@apple.com,184-104-0254,N/A
CUS1250440130,Merry Tomasini,0721 Homewood Place,Bettendorf,Luxembourg,L-9359,mtomasinib5@csmonitor.com,140-128-0798,N/A
CUS8548635932,Jae Manz,5 Ruskin Road,Laval,France,53080 CEDEX 9,jmanzb6@va.gov,796-353-6487,N/A
CUS2345324414,Dolorita Hanson,787 Southridge Park,Marseille,France,13464 CEDEX 16,dhansonb7@friendfeed.com,254-374-6843,N/A
CUS1773637339,Truda Manilove,0046 Starling Street,Neuilly-sur-Marne,France,93335 CEDEX,tmaniloveb8@sitemeter.com,114-481-4578,N/A
CUS1595300775,Meade Bennallck,49765 Spohn Plaza,Paris 09,France,75312 CEDEX 09,mbennallckb9@upenn.edu,196-840-8848,N/A
CUS0571636772,Leigh Baff,71 Schmedeman Street,Breda,Netherlands,4829,lbaffba@yellowbook.com,492-252-0927,CUS4932373171
CUS4723959378,Wally Briat,80 Bowman Street,Cagnes-sur-Mer,France,06804 CEDEX,wbriatbb@reverbnation.com,992-290-7575,N/A
CUS7932932270,Micheal Gorges,722 Paget Terrace,Vénissieux,France,69639 CEDEX,mgorgesbc@instagram.com,228-848-9417,CUS6906889680
CUS9198272152,Oliy Mewe,5 Duke Point,Tullyallen,Ireland,E25,omewebd@npr.org,568-745-6191,N/A
CUS4357285046,Todd Lillicrap,1212 Gateway Way,Schirmeck,France,67137 CEDEX,tlillicrapbe@tuttocitta.it,847-667-1919,CUS5998183185
CUS0984359389,Bradly Rodgers,7 Declaration Circle,Saint-Jean-de-Braye,France,45809 CEDEX,brodgersbf@comcast.net,119-340-5255,CUS5482378098
CUS0793735084,Kizzee Stealy,794 Burrows Terrace,Cherryville,Ireland,P31,kstealybg@lycos.com,219-697-1413,N/A
CUS9117120543,Hayes Boak,9932 Transport Junction,Nîmes,France,30006 CEDEX 4,hboakbh@vimeo.com,261-513-9262,CUS9705290881
CUS6774404065,Suellen Flanne,11 Di Loreto Pass,Cavaillon,France,84304 CEDEX,sflannebi@vkontakte.ru,114-395-5737,CUS8226959888
CUS6482670962,Yehudi Smale,6 Dakota Pass,Marseille,France,13293 CEDEX 08,ysmalebj@altervista.org,591-117-2132,CUS8176569860
CUS3213558575,Sonnie Anyon,0966 Becker Court,Old Kilcullen,Ireland,R56,sanyonbk@cbc.ca,724-728-8493,N/A
CUS6995828429,Kingsley Colleton,8 Dapin Park,Morez,France,39409 CEDEX,kcolletonbl@dion.ne.jp,348-157-6562,N/A
CUS5699587551,Deeann Bick,25 Armistice Avenue,Paris 17,France,75837 CEDEX 17,dbickbm@aol.com,172-864-6453,CUS7480262132
CUS6657950187,Tanny Beamiss,267 Killdeer Point,Tallaght,Ireland,D24,tbeamissbn@nhs.uk,759-807-0848,CUS4723959378
CUS1539654281,Lenci Mc Meekin,673 Hanson Point,IJmuiden,Netherlands,1974,lmcbo@google.fr,284-562-9397,N/A
CUS2684721181,Vinny Spain-Gower,836 Erie Terrace,Rennes,France,35009 CEDEX,vspaingowerbp@eepurl.com,617-646-2540,N/A
CUS1139922009,Norma Kingzeth,220 Hallows Junction,Garnich,Luxembourg,L-8356,nkingzethbq@fastcompany.com,879-622-0359,N/A
CUS2715471564,Kimmi Leathlay,628 Grim Court,Rouen,France,76029 CEDEX,kleathlaybr@slate.com,448-622-0608,N/A
CUS5398630814,Corby Perry,930 Fieldstone Court,Firminy,France,42704 CEDEX,cperrybs@tripod.com,295-818-0271,N/A
CUS7737023682,Pall Petren,118 Jenifer Junction,Lescar,France,64234 CEDEX,ppetrenbt@jigsy.com,611-918-5957,N/A
CUS4852119708,Hartwell Tidbury,654 Heffernan Lane,Clonskeagh,Ireland,D04,htidburybu@indiatimes.com,454-329-8250,CUS0040865932
CUS8118856623,Eamon Slorach,7914 Cody Center,Lacroix-Saint-Ouen,France,60618 CEDEX,eslorachbv@drupal.org,141-615-6673,N/A
CUS1547103515,Sosanna Stoner,4 Mallory Court,Rochefort,France,17314 CEDEX,sstonerbw@narod.ru,567-117-2812,N/A
CUS0910845530,Zulema Josifovitz,6616 Quincy Plaza,Orléans,France,45911 CEDEX 9,zjosifovitzbx@ycombinator.com,849-418-1167,CUS5106823331
CUS3810548448,Taddeo Jonathon,34622 Northwestern Pass,Larochette,Luxembourg,L-7634,tjonathonby@hud.gov,519-175-7236,N/A
CUS7487565920,Reamonn McPeice,73943 Basil Circle,Lyon,France,69239 CEDEX 02,rmcpeicebz@parallels.com,890-468-7752,N/A
CUS7747105142,Genni Wigin,3 Ronald Regan Plaza,Bernay,France,27309 CEDEX,gwiginc0@samsung.com,699-102-2596,CUS8393010047
CUS9941716374,Minor Cleave,722 Darwin Pass,Saint-Gaudens,France,31804 CEDEX,mcleavec1@java.com,837-923-7249,N/A
CUS6477486903,Bree Stedson,627 Tennessee Terrace,Blois,France,41965 CEDEX 9,bstedsonc2@google.fr,150-239-0476,N/A
CUS6449983477,Vernice Dungay,7723 Golf Course Terrace,Marne-la-Vallée,France,77453 CEDEX 2,vdungayc3@alexa.com,438-328-3704,N/A
CUS7732034554,Araldo Van Leeuwen,9381 Sunbrook Way,Mulhouse,France,68064 CEDEX 3,avanc4@uiuc.edu,683-909-1016,CUS4923587806
CUS0056803036,George Dungate,94 Heffernan Center,La Gacilly,France,56209 CEDEX,gdungatec5@hugedomains.com,559-966-0602,CUS0869560840
CUS3253694305,Mandi MacGeaney,1377 Banding Center,Cournon-d'Auvergne,France,63804 CEDEX,mmacgeaneyc6@nifty.com,235-631-9336,CUS1208700103
CUS6136461064,Eben Claricoats,2 Spenser Road,Clichy,France,92119 CEDEX,eclaricoatsc7@dot.gov,465-724-6880,N/A
CUS8929728499,Nowell Bass,9 Sutteridge Alley,Montpellier,France,34299 CEDEX 5,nbassc8@cbsnews.com,832-583-2385,CUS8056145044
CUS7923296715,Issiah Stut,0563 Moulton Circle,Tournon-sur-Rhône,France,07309 CEDEX,istutc9@whitehouse.gov,452-188-2631,N/A
CUS0418529809,Hebert Hubbis,039 Columbus Place,Tower,Ireland,P31,hhubbisca@linkedin.com,993-779-2918,N/A
CUS0706018877,Lynette Jakaway,5 Algoma Parkway,Le Mans,France,72004 CEDEX 1,ljakawaycb@bloglines.com,698-662-1625,N/A
CUS9990825912,Miquela Dronsfield,12 Buell Alley,Almere Haven,Netherlands,1354,mdronsfieldcc@reference.com,318-591-7517,N/A
CUS6455635027,Susannah Dufer,08982 Oneill Hill,Marseille,France,13232 CEDEX 01,sdufercd@yellowbook.com,244-262-4084,N/A
CUS1505369800,Benny Gwyer,1 Lakewood Park,Nice,France,06073 CEDEX 1,bgwyerce@omniture.com,357-240-6307,N/A
CUS6906889680,Catharina Smaling,26 Manley Crossing,Eybens,France,38327 CEDEX,csmalingcf@google.ca,171-104-6621,CUS1909475483
CUS7281872801,Matthieu Vinsen,53868 Fieldstone Park,Paris 08,France,75367 CEDEX 08,mvinsencg@noaa.gov,237-927-6158,CUS5797193868
CUS6458739613,Thadeus Grivori,95 Hallows Hill,Beaufort,Luxembourg,L-6380,tgrivorich@usda.gov,649-546-7913,N/A
CUS4516834154,Quint Smeall,800 Main Junction,Aix-en-Provence,France,13858 CEDEX 3,qsmeallci@howstuffworks.com,354-803-3748,N/A
CUS7644746420,Leonardo McCromley,82 Holmberg Trail,Lons-le-Saunier,France,39004 CEDEX,lmccromleycj@de.vu,736-234-4778,N/A
CUS3559268826,Rancell Peetermann,1072 Bowman Center,Carrigaline,Ireland,P43,rpeetermannck@indiatimes.com,256-564-4802,CUS6581157872
CUS1330727908,Anallise Read,0661 Merchant Point,London,United Kingdom,SW1E,areadcl@accuweather.com,636-360-6376,CUS3912010463
CUS3646810106,Vivi Baynham,1233 Commercial Alley,Kinsale,Ireland,P17,vbaynhamcm@admin.ch,261-321-5328,N/A
CUS8850149883,Pammy Joburn,871 Comanche Center,Strasbourg,France,67975 CEDEX 9,pjoburncn@dagondesign.com,220-888-2618,N/A
CUS3563415188,Jessi Elliff,914 Homewood Circle,Vitry-sur-Seine,France,94785 CEDEX,jelliffco@fema.gov,742-574-7741,CUS9174492152
CUS5502201872,Atlanta Cullinan,60010 Blaine Lane,Roanne,France,42304 CEDEX,acullinancp@dailymail.co.uk,406-155-8231,CUS3591540900
CUS2731889926,Richmound Gerant,43 Main Hill,Montpellier,France,34299 CEDEX 5,rgerantcq@dell.com,130-470-7883,CUS4923587806
CUS3834254967,Ian Albertson,236 West Lane,Sutton,United Kingdom,CT15,ialbertsoncr@ameblo.jp,855-508-0649,CUS7565341584
CUS6553843783,Susette Kordovani,727 Waxwing Trail,Paris 16,France,75778 CEDEX 16,skordovanics@craigslist.org,662-395-0047,N/A
CUS7104554157,Ingemar Gleader,17 Mariners Cove Place,Arpajon,France,91295 CEDEX,igleaderct@dot.gov,122-464-0472,N/A
CUS2192393474,Konstantin Kitchin,8 Mifflin Drive,Lons-le-Saunier,France,39004 CEDEX,kkitchincu@tumblr.com,741-604-0838,N/A
CUS8430998942,Denver Affron,7 Sachs Hill,Schirmeck,France,67137 CEDEX,daffroncv@newyorker.com,310-484-6429,CUS6604501000
CUS8442491759,Shaun McWhorter,36 Manitowish Hill,Vernon,France,27204 CEDEX,smcwhortercw@wunderground.com,885-966-4473,N/A
CUS8328430479,Taylor Drane,7 Bluestem Way,Levallois-Perret,France,92309 CEDEX,tdranecx@cbslocal.com,757-240-9917,CUS3834254967
CUS1491607114,Levin Haskew,6 Mccormick Hill,Rambouillet,France,78514 CEDEX,lhaskewcy@taobao.com,341-275-2044,N/A
CUS3738427783,Waly McPhater,702 Dayton Drive,_vry,France,91982 CEDEX 9,wmcphatercz@sciencedirect.com,779-370-8149,N/A
CUS7812846571,Feliza Maccrae,01 Hoepker Point,Saint-Marcellin,France,38164 CEDEX,fmaccraed0@linkedin.com,972-976-6559,CUS2462286713
CUS6398474783,Errol Besemer,3 Summit Circle,Paris 10,France,75485 CEDEX 10,ebesemerd1@nytimes.com,162-285-8192,N/A
CUS6514189113,Ilyse Pepys,522 Loomis Park,Kinsealy-Drinan,Ireland,D17,ipepysd2@bluehost.com,885-138-9875,N/A
CUS9984735494,Flemming Emptage,18999 Mallard Plaza,Wasquehal,France,59444 CEDEX,femptaged3@youtube.com,830-416-3222,N/A
CUS9520655506,Emilia Measom,0921 Pennsylvania Avenue,Marston,United Kingdom,ST20,emeasomd4@discuz.net,402-876-0306,N/A
CUS0760478201,Buddie Hawney,65643 Darwin Parkway,Montfort-sur-Meu,France,35164 CEDEX,bhawneyd5@va.gov,824-157-1943,N/A
CUS3095772874,Carlynn Kubis,101 Lyons Circle,Paris 13,France,75659 CEDEX 13,ckubisd6@fotki.com,785-600-9534,N/A
CUS9789897766,Cordula Grim,95682 Fuller Park,Leixlip,Ireland,A86,cgrimd7@npr.org,286-475-0817,N/A
CUS2186219417,Bone Foulgham,12305 Vahlen Park,Béziers,France,34504 CEDEX,bfoulghamd8@marriott.com,655-184-3238,N/A
CUS1941235468,Glenda Face,1447 Portage Place,Carlton,United Kingdom,DL8,gfaced9@infoseek.co.jp,366-677-1392,N/A
CUS4798476951,Christi Klimshuk,4 Sherman Center,Paris 20,France,75971 CEDEX 20,cklimshukda@bbc.co.uk,386-568-7897,N/A
CUS4109928435,Onofredo MacCourt,461 Mandrake Avenue,Sartrouville,France,78504 CEDEX,omaccourtdb@washingtonpost.com,883-808-4063,N/A
CUS6033136586,Emalia Santorini,29835 Fair Oaks Circle,Tarbes,France,65951 CEDEX 9,esantorinidc@ezinearticles.com,172-689-2729,N/A
CUS7875297680,Janifer Inge,03 Vera Street,Angoulême,France,16015 CEDEX,jingedd@alibaba.com,370-317-7221,CUS2672993394
CUS1268974633,Randall Coghlin,7 Clarendon Park,Belfort,France,90009 CEDEX,rcoghlinde@squarespace.com,995-159-7901,N/A
CUS3725458952,Mathew Gronno,899 Armistice Alley,Alphen aan den Rijn,Netherlands,2409,mgronnodf@cornell.edu,212-146-5285,N/A
CUS0485335336,Rina Yarrell,54264 Emmet Crossing,_vry,France,91029 CEDEX,ryarrelldg@jugem.jp,440-491-9481,N/A
CUS9344970211,Elladine Monelli,159 Tomscot Terrace,Saintes,France,17104 CEDEX,emonellidh@wikipedia.org,678-537-9403,CUS5934762575
CUS6604501000,Georgie Fonzo,8 Pawling Pass,Landivisiau,France,29404 CEDEX,gfonzodi@vimeo.com,688-776-3356,N/A
CUS4233429453,Clemmie Boulton,484 Warrior Street,Paris 09,France,75455 CEDEX 09,cboultondj@stanford.edu,289-886-3498,N/A
CUS6451777102,Dode Boylan,8162 Chinook Terrace,Rouen,France,76926 CEDEX 9,dboylandk@artisteer.com,502-762-8221,N/A
CUS7918433742,Eal Shorthouse,2893 Buena Vista Hill,Marne-la-Vallée,France,77708 CEDEX 4,eshorthousedl@npr.org,592-706-9208,N/A
CUS0571791123,Sigvard Draco,24447 Corscot Hill,Gort,Ireland,D10,sdracodm@hc360.com,882-111-8304,N/A
CUS6569967630,Miles Blaise,642 Hauk Park,Ussel,France,19204 CEDEX,mblaisedn@barnesandnoble.com,335-669-2874,N/A
CUS2528958110,Basile Garahan,0 Buell Circle,Besançon,France,25024 CEDEX,bgarahando@oakley.com,976-806-1975,N/A
CUS1810770173,Eli Gallyhaock,623 Miller Drive,Issy-les-Moulineaux,France,92787 CEDEX 9,egallyhaockdp@opensource.org,689-485-6897,N/A
CUS1991758499,Kylie Eyles,9537 Manitowish Court,Agen,France,47020 CEDEX 9,keylesdq@usnews.com,667-891-7973,N/A
CUS5658663180,Bill Hugin,63667 Eliot Park,Blaye,France,33394 CEDEX,bhugindr@theguardian.com,683-814-6582,CUS0718361768
CUS4723638601,Padraig Dacca,90127 2nd Lane,Angoulême,France,16999 CEDEX 9,pdaccads@stanford.edu,773-167-1943,N/A
CUS5814782323,Babette D'Oyley,7 Meadow Valley Court,Aix-les-Bains,France,73104 CEDEX,bdoyleydt@bizjournals.com,895-978-6780,N/A
CUS9516473423,Rowena MacGow,4 Glacier Hill Drive,Lens,France,62304 CEDEX,rmacgowdu@opera.com,585-919-7108,N/A
CUS3401455362,Eloise Bernaldez,93 Cascade Junction,Longjumeau,France,91821 CEDEX,ebernaldezdv@usda.gov,391-411-2778,N/A
