customer_id,first_name,last_name,email,gender,address
1,Sharon,Mechan,smechan0@salon.com,Female,PO Box 46982
2,Madelin,Alti,malti1@weebly.com,Female,15th Floor
3,Brad,Penwright,bpenwright2@scribd.com,Male,Apt 787
4,Britni,St. Paul,bstpaul3@cnn.com,Female,Suite 65
5,Dov,Adanet,dadanet4@biglobe.ne.jp,Male,Apt 525
6,Violetta,Basset,vbasset5@mashable.com,Female,Suite 59
7,Elinor,Towner,etowner6@yale.edu,Female,Room 927
8,Prisca,Grayer,pgrayer7@forbes.com,Female,Suite 81
9,Vinni,Petyankin,vpetyankin8@state.gov,Female,Apt 1720
10,Darwin,Pinnion,dpinnion9@weebly.com,Male,Suite 36
11,Pearl,Greenly,pgreenlya@sbwire.com,Agender,PO Box 82168
12,Arlen,Kinner,akinnerb@dmoz.org,Male,PO Box 46583
13,Rubetta,Iles,rilesc@baidu.com,Female,1st Floor
14,Nita,Monkley,nmonkleyd@flickr.com,Female,Suite 72
15,Cornie,Comelli,ccomellie@over-blog.com,Non-binary,PO Box 61818
16,Antoine,Shippam,ashippamf@webs.com,Male,Suite 9
17,Van,Beaven,vbeaveng@huffingtonpost.com,Female,PO Box 96654
18,Ricca,Kynson,rkynsonh@discovery.com,Female,6th Floor
19,Dorella,Melloy,dmelloyi@yandex.ru,Female,Room 893
20,Blair,Yardley,byardleyj@1688.com,Female,Room 1657
21,Haley,Manthroppe,hmanthroppek@webs.com,Male,PO Box 68840
22,Casey,Guilloton,cguillotonl@webnode.com,Female,PO Box 57742
23,Crysta,Wyke,cwykem@google.pl,Female,8th Floor
24,Harmon,Cloonan,hcloonann@goo.gl,Male,PO Box 78533
25,Arnold,Jacks,ajackso@spotify.com,Male,1st Floor
26,Tod,Goady,tgoadyp@fotki.com,Male,2nd Floor
27,Malinda,Londsdale,mlondsdaleq@de.vu,Female,PO Box 80433
28,Layne,Bracco,lbraccor@a8.net,Female,Apt 1984
29,Joseito,Scouse,jscouses@ucsd.edu,Male,Room 514
30,Andy,Stickels,astickelst@themeforest.net,Male,20th Floor
31,Othelia,Perfect,operfectu@twitpic.com,Female,Suite 79
32,Flory,Bartali,fbartaliv@ucoz.com,Male,Apt 1439
33,Sarena,Cullrford,scullrfordw@a8.net,Female,16th Floor
34,Hasheem,Fuzzard,hfuzzardx@behance.net,Male,PO Box 84041
35,Sean,Allpress,sallpressy@apache.org,Female,PO Box 82765
36,Ethelind,Mansbridge,emansbridgez@etsy.com,Female,Apt 1417
37,Brittani,Trott,btrott10@buzzfeed.com,Female,Apt 1526
38,Tuesday,Mabbutt,tmabbutt11@tumblr.com,Female,PO Box 90551
39,Martino,Schnieder,mschnieder12@nih.gov,Male,5th Floor
40,Dilly,Sime,dsime13@moonfruit.com,Male,Apt 443
41,Reinhard,Rockcliffe,rrockcliffe14@mayoclinic.com,Male,Suite 35
42,Kandace,Cadamy,kcadamy15@hexun.com,Female,Suite 75
43,Virgie,Harewood,vharewood16@skyrock.com,Male,Suite 64
44,Leesa,Rosenauer,lrosenauer17@amazonaws.com,Female,20th Floor
45,Teodoro,Bradburne,tbradburne18@baidu.com,Male,11th Floor
46,Audrye,Feedome,afeedome19@abc.net.au,Agender,3rd Floor
47,Ignazio,Liverseege,iliverseege1a@mayoclinic.com,Male,Room 1726
48,Pinchas,Shewon,pshewon1b@domainmarket.com,Male,Suite 62
49,Davida,O' Scallan,doscallan1c@youtube.com,Female,Room 1395
50,Ophelie,Castelot,ocastelot1d@eventbrite.com,Female,Apt 1850
51,Adele,Dullingham,adullingham1e@mac.com,Female,1st Floor
52,Salvidor,Betteriss,sbetteriss1f@answers.com,Male,14th Floor
53,Eustace,Ledford,eledford1g@miibeian.gov.cn,Male,11th Floor
54,Greg,Shrimpton,gshrimpton1h@auda.org.au,Bigender,4th Floor
55,Stanislaw,Sollitt,ssollitt1i@yolasite.com,Male,Apt 1817
56,Oren,Fuge,ofuge1j@mapquest.com,Male,Suite 35
57,Hughie,Morey,hmorey1k@vimeo.com,Male,Apt 1542
58,Gino,Shynn,gshynn1l@geocities.jp,Male,PO Box 88549
59,Fletch,Lattimore,flattimore1m@technorati.com,Male,6th Floor
60,Dennet,Minot,dminot1n@cdbaby.com,Male,PO Box 53070
61,Meredeth,Weinham,mweinham1o@upenn.edu,Male,PO Box 42949
62,Babbette,Du Fray,bdufray1p@twitter.com,Female,Apt 475
63,Lemuel,Eynald,leynald1q@dailymotion.com,Male,Apt 1234
64,Joachim,Hunting,jhunting1r@photobucket.com,Genderqueer,Suite 26
65,Cristiano,Boyat,cboyat1s@sakura.ne.jp,Male,Room 1732
66,Wallie,Morsom,wmorsom1t@taobao.com,Male,1st Floor
67,Orson,Sisneros,osisneros1u@webeden.co.uk,Male,Suite 97
68,Leilah,Meaney,lmeaney1v@prweb.com,Genderfluid,PO Box 67202
69,Aura,Whieldon,awhieldon1w@engadget.com,Non-binary,Room 255
70,Katleen,Dives,kdives1x@goo.ne.jp,Female,Suite 53
71,Theodoric,Maraga,tmaraga1y@scribd.com,Male,Suite 35
72,Rodrick,Walles,rwalles1z@reuters.com,Male,Suite 14
73,Delainey,Keppie,dkeppie20@wikipedia.org,Male,Apt 1928
74,Freddie,Gilvear,fgilvear21@fema.gov,Female,Apt 1532
75,Sebastien,Clementet,sclementet22@mozilla.org,Male,Room 419
76,Julee,Gatrill,jgatrill23@topsy.com,Female,Suite 9
77,Monti,Hanse,mhanse24@cornell.edu,Male,PO Box 1920
78,Luke,Oulett,loulett25@senate.gov,Male,19th Floor
79,Nicko,Holyard,nholyard26@ustream.tv,Male,19th Floor
80,Giacobo,Flipsen,gflipsen27@ox.ac.uk,Male,Apt 1289
81,Marietta,Windham,mwindham28@angelfire.com,Female,Apt 1770
82,Leena,Kabsch,lkabsch29@dot.gov,Female,Room 1942
83,Cynthea,Kayser,ckayser2a@npr.org,Female,5th Floor
84,Gnni,Gaish,ggaish2b@merriam-webster.com,Female,Suite 18
85,Ame,Hyndley,ahyndley2c@histats.com,Female,Apt 598
86,Clywd,Duffill,cduffill2d@discovery.com,Male,PO Box 45919
87,Sloan,Poulglais,spoulglais2e@wordpress.org,Male,Room 388
88,Rodina,Hall-Gough,rhallgough2f@unesco.org,Female,PO Box 57407
89,Thornton,Butland,tbutland2g@admin.ch,Polygender,Apt 1739
90,Fletcher,Klais,fklais2h@bbc.co.uk,Male,PO Box 58514
91,Lucila,Setchell,lsetchell2i@vimeo.com,Female,Apt 252
92,Mathian,Frear,mfrear2j@digg.com,Male,PO Box 64858
93,Melloney,Vowles,mvowles2k@fda.gov,Female,Suite 37
94,Geno,Alsop,galsop2l@gizmodo.com,Male,19th Floor
95,Karrah,Gallahar,kgallahar2m@hp.com,Female,8th Floor
96,Michelina,Beardsley,mbeardsley2n@blogspot.com,Female,14th Floor
97,Gwendolin,Raulin,graulin2o@amazon.co.uk,Female,Room 1173
98,Simonette,Cajkler,scajkler2p@gnu.org,Female,20th Floor
99,Pauly,Goodman,pgoodman2q@time.com,Male,Apt 1574
100,Deck,Duckerin,dduckerin2r@earthlink.net,Male,Apt 642
101,Darren,Batsford,dbatsford2s@dropbox.com,Male,PO Box 47845
102,Chadwick,Milella,cmilella2t@gov.uk,Male,PO Box 63061
103,Hammad,Boot,hboot2u@mlb.com,Male,Suite 23
104,Lonnie,Wasbrough,lwasbrough2v@meetup.com,Male,Room 2
105,Jodi,Lampaert,jlampaert2w@techcrunch.com,Male,Apt 1149
106,Reinhard,Espley,respley2x@furl.net,Male,8th Floor
107,Murdoch,Guisby,mguisby2y@themeforest.net,Male,Apt 1253
108,Natividad,Raynes,nraynes2z@cnet.com,Female,Suite 30
109,Marget,Kearey,mkearey30@printfriendly.com,Female,Apt 279
110,Eachelle,Biggins,ebiggins31@google.de,Female,PO Box 22862
111,Othello,Demelt,odemelt32@unesco.org,Male,Room 1221
112,Karl,Gabbatt,kgabbatt33@dropbox.com,Male,2nd Floor
113,Saleem,Vaney,svaney34@elegantthemes.com,Male,PO Box 24682
114,Nikolos,Biggans,nbiggans35@narod.ru,Male,Suite 95
115,Aime,Bramall,abramall36@posterous.com,Female,Room 676
116,Merv,Ruggen,mruggen37@altervista.org,Male,10th Floor
117,Selene,Nehlsen,snehlsen38@elpais.com,Female,Suite 7
118,Clint,Roberson,croberson39@gov.uk,Male,Suite 38
119,Allison,Spours,aspours3a@ezinearticles.com,Female,7th Floor
120,Barny,Benne,bbenne3b@aboutads.info,Male,PO Box 77795
121,Mattie,Chamberlaine,mchamberlaine3c@army.mil,Female,Apt 131
122,Chelsy,MacGiffin,cmacgiffin3d@nymag.com,Female,Apt 1459
123,Kelcey,Maton,kmaton3e@nasa.gov,Female,Room 781
124,Maurise,Lovegrove,mlovegrove3f@google.es,Female,PO Box 34972
125,Justus,Blewitt,jblewitt3g@chron.com,Male,PO Box 57217
126,Gloriana,Bateson,gbateson3h@bigcartel.com,Female,13th Floor
127,Zorana,Royste,zroyste3i@addtoany.com,Female,Suite 40
128,Noam,Guillain,nguillain3j@dedecms.com,Male,Room 1432
129,Walton,Lambot,wlambot3k@un.org,Agender,Room 1925
130,Vanya,Griswood,vgriswood3l@so-net.ne.jp,Genderqueer,Apt 1124
131,Jere,Presslee,jpresslee3m@ucoz.com,Male,Suite 33
132,Toddie,Gallemore,tgallemore3n@about.com,Male,PO Box 51008
133,Elisa,Kedslie,ekedslie3o@icq.com,Female,Apt 326
134,Kellsie,Keast,kkeast3p@alexa.com,Female,4th Floor
135,Angelico,Berry,aberry3q@devhub.com,Male,Room 369
136,Sheridan,Prewer,sprewer3r@artisteer.com,Male,Suite 37
137,Jarrod,Bardnam,jbardnam3s@networkadvertising.org,Male,PO Box 98254
138,Ellwood,Ferrarese,eferrarese3t@simplemachines.org,Male,Suite 30
139,Sharlene,Palmer,spalmer3u@auda.org.au,Female,Room 1132
140,Hillel,Crosoer,hcrosoer3v@prweb.com,Male,Apt 976
141,Forrester,Clohisey,fclohisey3w@deliciousdays.com,Male,Room 12
142,Odey,Garmston,ogarmston3x@google.pl,Male,5th Floor
143,Dmitri,Sahnow,dsahnow3y@is.gd,Male,Apt 534
144,Martino,Garbutt,mgarbutt3z@yahoo.co.jp,Male,Suite 64
145,Silvan,Goullee,sgoullee40@pagesperso-orange.fr,Male,Suite 37
146,Oby,Bilborough,obilborough41@forbes.com,Polygender,PO Box 16080
147,Bell,Anster,banster42@surveymonkey.com,Female,Apt 1726
148,Noami,Bucksey,nbucksey43@utexas.edu,Female,Room 620
149,Hendrick,O'Kelly,hokelly44@tuttocitta.it,Genderfluid,18th Floor
150,Alvin,Burbidge,aburbidge45@meetup.com,Male,14th Floor
151,Ophelia,Layhe,olayhe46@t-online.de,Female,Room 464
152,Cory,Keenlyside,ckeenlyside47@wp.com,Male,Apt 1879
153,Tomas,Gander,tgander48@goo.ne.jp,Male,Room 1828
154,Pasquale,Pedycan,ppedycan49@nifty.com,Male,PO Box 29367
155,Zerk,Goreway,zgoreway4a@epa.gov,Male,7th Floor
156,Hodge,Dowley,hdowley4b@examiner.com,Male,Room 1894
157,Tab,Ephson,tephson4c@last.fm,Male,Apt 1184
158,Olympia,Krzyzowski,okrzyzowski4d@weebly.com,Female,Apt 135
159,Cilka,Robyns,crobyns4e@xrea.com,Female,Suite 88
160,Corene,Bickerton,cbickerton4f@altervista.org,Female,Suite 27
161,Charity,Nendick,cnendick4g@woothemes.com,Female,Apt 555
162,Darill,Sandy,dsandy4h@opera.com,Male,PO Box 41873
163,Monty,Roggeman,mroggeman4i@nationalgeographic.com,Male,Room 1479
164,Moises,Klemencic,mklemencic4j@springer.com,Male,PO Box 29305
165,Rodrigo,Lapley,rlapley4k@home.pl,Male,PO Box 39244
166,Hank,Yell,hyell4l@shareasale.com,Male,PO Box 44916
167,Lanny,Jeannel,ljeannel4m@dailymotion.com,Male,Suite 24
168,Evin,Boschmann,eboschmann4n@livejournal.com,Male,PO Box 80121
169,Weider,Hiley,whiley4o@chron.com,Male,20th Floor
170,Alasdair,Loins,aloins4p@seesaa.net,Male,Suite 75
171,Richie,Clougher,rclougher4q@census.gov,Male,Apt 868
172,Ralf,Shepstone,rshepstone4r@canalblog.com,Male,6th Floor
173,Crystie,Zamora,czamora4s@friendfeed.com,Female,15th Floor
174,Adelheid,Roddy,aroddy4t@constantcontact.com,Female,Apt 500
175,Arri,Ferran,aferran4u@chronoengine.com,Male,PO Box 20505
176,Candis,Monketon,cmonketon4v@cnbc.com,Female,Apt 895
177,Agnese,Martusewicz,amartusewicz4w@nba.com,Female,Apt 793
178,Kennedy,Bow,kbow4x@facebook.com,Male,PO Box 54068
179,Judd,Ivett,jivett4y@imageshack.us,Male,PO Box 71697
180,Gerald,Daglish,gdaglish4z@si.edu,Male,PO Box 70186
181,Ellen,Woodyatt,ewoodyatt50@un.org,Female,Room 716
182,Waylan,Micheau,wmicheau51@census.gov,Male,PO Box 22718
183,Kit,Crandon,kcrandon52@harvard.edu,Male,Suite 21
184,Cam,Moy,cmoy53@4shared.com,Male,12th Floor
185,Danna,Fletham,dfletham54@wix.com,Female,Room 1901
186,Dev,Ealden,dealden55@scribd.com,Male,17th Floor
187,Kerwinn,Sacchetti,ksacchetti56@moonfruit.com,Male,12th Floor
188,Sydel,Fosdick,sfosdick57@arizona.edu,Genderfluid,Room 1837
189,Sherline,Ledington,sledington58@printfriendly.com,Polygender,Room 197
190,Karola,Braz,kbraz59@storify.com,Female,PO Box 47333
191,Dyann,Serotsky,dserotsky5a@moonfruit.com,Female,Room 437
192,Leese,Northover,lnorthover5b@adobe.com,Female,Suite 31
193,Cello,Fardo,cfardo5c@csmonitor.com,Male,Room 28
194,Hamish,Anstie,hanstie5d@irs.gov,Male,PO Box 18875
195,Westbrook,Thouless,wthouless5e@goo.gl,Male,Suite 23
196,Brnaby,Ridgley,bridgley5f@quantcast.com,Male,Room 1963
197,Jude,Chart,jchart5g@delicious.com,Male,Apt 37
198,Nichols,Iacobacci,niacobacci5h@nature.com,Male,Room 419
199,Tait,Kwiek,tkwiek5i@twitpic.com,Male,7th Floor
200,Ailey,Tutt,atutt5j@unc.edu,Female,Apt 1943
201,Walden,Reily,wreily5k@multiply.com,Male,Apt 1126
202,Vance,Hinge,vhinge5l@gov.uk,Male,Room 1649
203,Daryl,Naseby,dnaseby5m@ezinearticles.com,Genderfluid,PO Box 17836
204,Romain,Chomicz,rchomicz5n@princeton.edu,Male,3rd Floor
205,Leena,Thorndycraft,lthorndycraft5o@netvibes.com,Female,20th Floor
206,Henry,Cunnane,hcunnane5p@pinterest.com,Agender,PO Box 12953
207,Fritz,Sexten,fsexten5q@gnu.org,Male,PO Box 95043
208,Friedrick,Kiely,fkiely5r@nps.gov,Male,Apt 1985
209,Kendra,Hesbrook,khesbrook5s@japanpost.jp,Female,Apt 1673
210,Gloriana,Etridge,getridge5t@mlb.com,Female,Apt 1392
211,Cyrillus,Caroll,ccaroll5u@home.pl,Male,Apt 685
212,Bondie,Heard,bheard5v@google.de,Male,Room 492
213,Alison,Tilzey,atilzey5w@123-reg.co.uk,Female,Room 1178
214,Binni,Teml,bteml5x@nationalgeographic.com,Female,Room 774
215,Kristyn,Sodeau,ksodeau5y@wiley.com,Female,Suite 33
216,Xavier,Georgeou,xgeorgeou5z@over-blog.com,Bigender,20th Floor
217,Abbie,Martin,amartin60@delicious.com,Male,PO Box 41420
218,Hollie,Sturmey,hsturmey61@google.pl,Female,Room 1421
219,Rice,MacGorrie,rmacgorrie62@cbc.ca,Male,Room 1040
220,Gordy,Scrimshaw,gscrimshaw63@ameblo.jp,Male,14th Floor
221,Vittorio,Lummus,vlummus64@tiny.cc,Male,Apt 1686
222,Issiah,Dickens,idickens65@oracle.com,Agender,19th Floor
223,Halsy,Mitroshinov,hmitroshinov66@samsung.com,Male,PO Box 46600
224,Laney,Baynam,lbaynam67@nsw.gov.au,Male,Room 543
225,Hermie,Beneteau,hbeneteau68@youtube.com,Male,7th Floor
226,Sacha,Guitel,sguitel69@shutterfly.com,Female,Room 1594
227,Davon,McCleary,dmccleary6a@weebly.com,Male,11th Floor
228,Rhody,Baddam,rbaddam6b@domainmarket.com,Female,Suite 66
229,Bailie,Hamson,bhamson6c@cnet.com,Male,Suite 62
230,Mersey,Barczewski,mbarczewski6d@state.gov,Female,16th Floor
231,Georgeanne,Chisholme,gchisholme6e@is.gd,Female,Suite 38
232,Elissa,Shillington,eshillington6f@barnesandnoble.com,Female,Suite 68
233,Marnie,Scrammage,mscrammage6g@mayoclinic.com,Female,6th Floor
234,Lee,Baert,lbaert6h@time.com,Male,16th Floor
235,Imogen,Longmead,ilongmead6i@gov.uk,Female,PO Box 3628
236,Tony,Pearcey,tpearcey6j@booking.com,Agender,Apt 1743
237,Brendis,Malone,bmalone6k@rediff.com,Male,Room 1711
238,Agretha,Adao,aadao6l@storify.com,Female,Suite 84
239,Brigitte,Bynold,bbynold6m@marriott.com,Female,Apt 1672
240,Milton,Piatti,mpiatti6n@techcrunch.com,Male,Apt 1732
241,Gunilla,Jorn,gjorn6o@telegraph.co.uk,Female,Apt 1467
242,Vitoria,Stivey,vstivey6p@pen.io,Female,PO Box 14652
243,Aldon,Shackel,ashackel6q@kickstarter.com,Male,Suite 25
244,Denis,Cavey,dcavey6r@paypal.com,Male,7th Floor
245,Nananne,Hasley,nhasley6s@freewebs.com,Female,15th Floor
246,Ximenes,Golbourn,xgolbourn6t@topsy.com,Male,Apt 1781
247,Darren,Hinchshaw,dhinchshaw6u@psu.edu,Male,Suite 80
248,Nikolaos,Wibrow,nwibrow6v@dot.gov,Male,13th Floor
249,Ethe,Matteo,ematteo6w@economist.com,Male,Room 841
250,Ericha,Cordel,ecordel6x@apache.org,Female,Apt 278
251,Aaron,Scurfield,ascurfield6y@furl.net,Agender,Apt 1483
252,Rockwell,Frizzell,rfrizzell6z@mayoclinic.com,Non-binary,Apt 1279
253,Ruthe,Laherty,rlaherty70@virginia.edu,Female,15th Floor
254,Allie,Lee,alee71@dell.com,Male,Apt 593
255,Boigie,Woodthorpe,bwoodthorpe72@soundcloud.com,Non-binary,PO Box 23479
256,Sauveur,Deary,sdeary73@aboutads.info,Male,Room 366
257,Kele,Plimmer,kplimmer74@tamu.edu,Male,Suite 58
258,Maure,Monery,mmonery75@liveinternet.ru,Female,PO Box 26584
259,Stephanus,Flippini,sflippini76@istockphoto.com,Bigender,Apt 495
260,Portie,Chezelle,pchezelle77@cdc.gov,Male,5th Floor
261,Haslett,Rideout,hrideout78@youtube.com,Male,PO Box 23948
262,Dorie,Duffree,dduffree79@hhs.gov,Male,7th Floor
263,Doy,Gheraldi,dgheraldi7a@forbes.com,Genderqueer,16th Floor
264,Mabel,Basham,mbasham7b@bbb.org,Female,14th Floor
265,Enid,Huskinson,ehuskinson7c@java.com,Agender,Suite 36
266,Ethelred,Hailston,ehailston7d@shutterfly.com,Male,Room 61
267,Jorey,Trayling,jtrayling7e@ox.ac.uk,Female,Apt 1042
268,Auguste,Ironmonger,aironmonger7f@admin.ch,Female,Room 1755
269,Ramonda,Rickis,rrickis7g@icio.us,Female,Room 523
270,Maury,Salisbury,msalisbury7h@china.com.cn,Male,Suite 42
271,Wes,Starkie,wstarkie7i@webnode.com,Male,Apt 401
272,Janeva,Taberner,jtaberner7j@statcounter.com,Female,12th Floor
273,Brinn,Godfrey,bgodfrey7k@tumblr.com,Female,Apt 1109
274,Ruthie,Hutchinges,rhutchinges7l@usa.gov,Female,Suite 99
275,Shay,Poxson,spoxson7m@upenn.edu,Female,5th Floor
276,Hailee,Pashler,hpashler7n@studiopress.com,Agender,Suite 8
277,Jasun,Losseljong,jlosseljong7o@springer.com,Male,Apt 475
278,Barrett,Cluett,bcluett7p@redcross.org,Male,Suite 95
279,Giselbert,Matterson,gmatterson7q@tumblr.com,Non-binary,Apt 294
280,Kareem,Esch,kesch7r@vkontakte.ru,Male,PO Box 69687
281,Hermine,Pengelley,hpengelley7s@themeforest.net,Female,2nd Floor
282,Ezekiel,Osselton,eosselton7t@slate.com,Male,Room 542
283,Kara,Connick,kconnick7u@geocities.jp,Female,Apt 877
284,Alexandro,Shawel,ashawel7v@unesco.org,Male,Suite 64
285,Bobine,Chesterman,bchesterman7w@kickstarter.com,Female,PO Box 8184
286,Fielding,Thickin,fthickin7x@ca.gov,Male,Suite 42
287,Lucho,Gino,lgino7y@barnesandnoble.com,Male,Suite 59
288,Janos,Jakubowsky,jjakubowsky7z@timesonline.co.uk,Male,Suite 13
289,Natividad,Raselles,nraselles80@youtube.com,Female,Room 1797
290,Aryn,Heathcott,aheathcott81@flickr.com,Female,Room 1382
291,Rooney,Jeanequin,rjeanequin82@themeforest.net,Male,Apt 709
292,Emmalynn,Givens,egivens83@aboutads.info,Female,PO Box 34395
293,Silvanus,Billam,sbillam84@soup.io,Male,PO Box 73077
294,Francesca,Blick,fblick85@buzzfeed.com,Female,Suite 73
295,Harri,Pirozzi,hpirozzi86@devhub.com,Polygender,PO Box 81743
296,Janey,Giacomi,jgiacomi87@homestead.com,Genderfluid,PO Box 91053
297,Sibley,Lettson,slettson88@yahoo.com,Female,Apt 1926
298,Jacky,Kelsow,jkelsow89@xrea.com,Male,3rd Floor
299,Red,Grey,rgrey8a@newyorker.com,Male,Suite 17
300,Daryn,List,dlist8b@freewebs.com,Female,PO Box 94637
301,Ansel,Immings,aimmings8c@sina.com.cn,Male,Suite 4
302,Nikolas,Ginley,nginley8d@yahoo.com,Male,Room 1125
303,Jaquelin,Andor,jandor8e@parallels.com,Agender,8th Floor
304,Elfie,Bompas,ebompas8f@ask.com,Female,Suite 88
305,Bernarr,Gheeraert,bgheeraert8g@cbslocal.com,Male,Suite 80
306,Rubin,Hayesman,rhayesman8h@elegantthemes.com,Male,PO Box 42891
307,Kassia,Alsobrook,kalsobrook8i@army.mil,Female,PO Box 61072
308,Gerhard,Shambrook,gshambrook8j@topsy.com,Male,Apt 1406
309,Maxie,Izak,mizak8k@yellowpages.com,Female,PO Box 39583
310,Izaak,Dracksford,idracksford8l@constantcontact.com,Male,Apt 1676
311,Dun,Brokenshaw,dbrokenshaw8m@harvard.edu,Male,Suite 55
312,Jada,Hainge,jhainge8n@house.gov,Female,Suite 71
313,Clerkclaude,Joincey,cjoincey8o@devhub.com,Male,Suite 44
314,Westleigh,Cavaney,wcavaney8p@nytimes.com,Male,Suite 2
315,Xever,McCarty,xmccarty8q@craigslist.org,Male,7th Floor
316,Valaria,Schleicher,vschleicher8r@mayoclinic.com,Genderfluid,Room 6
317,Bernadine,Boutflour,bboutflour8s@nih.gov,Female,Suite 39
318,Dari,Loud,dloud8t@blogtalkradio.com,Female,Suite 70
319,Margarita,Iacomettii,miacomettii8u@amazon.com,Female,Room 1040
320,Roddie,Jeffers,rjeffers8v@geocities.com,Male,Apt 1012
321,Amalie,Dripp,adripp8w@4shared.com,Female,Apt 1108
322,Selie,Clews,sclews8x@cnbc.com,Female,Apt 1068
323,Randell,Arnefield,rarnefield8y@prnewswire.com,Male,PO Box 58001
324,Kirsten,Bartosch,kbartosch8z@bloglines.com,Female,PO Box 52717
325,Haleigh,Ebhardt,hebhardt90@newsvine.com,Female,Apt 730
326,Koressa,Castle,kcastle91@wordpress.com,Female,Apt 1177
327,Justin,Lebourn,jlebourn92@skype.com,Male,Suite 31
328,Siward,Dormon,sdormon93@cdbaby.com,Male,Room 1913
329,Dahlia,Connichie,dconnichie94@squidoo.com,Female,PO Box 89932
330,Virge,Miere,vmiere95@youku.com,Male,Apt 1531
331,Jaime,Hilley,jhilley96@ucoz.ru,Female,Apt 1998
332,Lottie,Goudard,lgoudard97@ft.com,Bigender,Room 1505
333,Cecilio,De Dantesie,cdedantesie98@xing.com,Male,Apt 1194
334,Sophia,Brannan,sbrannan99@cyberchimps.com,Female,17th Floor
335,Gage,Beardsell,gbeardsell9a@networksolutions.com,Male,Room 1241
336,Goran,Levett,glevett9b@mtv.com,Male,PO Box 28388
337,Obadiah,Maccrie,omaccrie9c@businessinsider.com,Male,Apt 1650
338,Deanna,Crossgrove,dcrossgrove9d@hexun.com,Female,13th Floor
339,Merissa,Whether,mwhether9e@addtoany.com,Female,PO Box 342
340,Rudiger,Garrigan,rgarrigan9f@latimes.com,Male,Suite 88
341,Jonathon,Borgne,jborgne9g@cbslocal.com,Male,Apt 1065
342,Pierson,Lisle,plisle9h@tripadvisor.com,Male,PO Box 13506
343,Sile,Fellis,sfellis9i@smugmug.com,Female,Room 1348
344,Gay,O'Kuddyhy,gokuddyhy9j@bbc.co.uk,Male,Room 1311
345,Ruttger,Midghall,rmidghall9k@army.mil,Male,Suite 26
346,Aeriel,Trevains,atrevains9l@freewebs.com,Female,Suite 9
347,Nelly,Salamon,nsalamon9m@abc.net.au,Female,PO Box 13041
348,Sioux,Olle,solle9n@surveymonkey.com,Female,Apt 20
349,Kaila,Yarnold,kyarnold9o@fastcompany.com,Female,Room 880
350,Ellis,Gerin,egerin9p@biblegateway.com,Male,Room 1938
351,Kikelia,Hebdon,khebdon9q@csmonitor.com,Female,Suite 8
352,Sioux,Muspratt,smuspratt9r@hatena.ne.jp,Female,Room 1535
353,Cornelius,Waliszek,cwaliszek9s@google.nl,Male,PO Box 70468
354,Etienne,Losebie,elosebie9t@scientificamerican.com,Male,9th Floor
355,Kendrick,Beckensall,kbeckensall9u@whitehouse.gov,Male,Room 1603
356,Helaina,Storkes,hstorkes9v@facebook.com,Polygender,PO Box 75029
357,Fenelia,Delhanty,fdelhanty9w@theatlantic.com,Female,10th Floor
358,Kurtis,Placide,kplacide9x@edublogs.org,Male,Suite 57
359,Zsa zsa,Jepperson,zjepperson9y@sakura.ne.jp,Female,16th Floor
360,Chet,Rowcliffe,crowcliffe9z@goodreads.com,Male,3rd Floor
361,Kelli,Lyndon,klyndona0@whitehouse.gov,Female,PO Box 1046
362,Ivette,Adams,iadamsa1@tiny.cc,Female,PO Box 75802
363,Orazio,Sturte,osturtea2@reverbnation.com,Male,PO Box 16049
364,Silva,Kettoe,skettoea3@marriott.com,Female,Room 1201
365,Zara,Minichillo,zminichilloa4@icq.com,Female,Suite 11
366,Margarita,Brabyn,mbrabyna5@youtube.com,Female,PO Box 79743
367,Mord,Duffie,mduffiea6@facebook.com,Male,Suite 39
368,Ervin,Murray,emurraya7@intel.com,Male,Room 373
369,Ericka,Tilio,etilioa8@independent.co.uk,Bigender,7th Floor
370,Jamey,Maine,jmainea9@privacy.gov.au,Male,Suite 24
371,Jillian,Robertelli,jrobertelliaa@mapquest.com,Polygender,Suite 96
372,Deanne,Daout,ddaoutab@narod.ru,Female,Apt 569
373,Tonnie,Hyrons,thyronsac@google.com,Male,Room 1653
374,Anson,Mugg,amuggad@vinaora.com,Male,PO Box 73870
375,Normand,Braam,nbraamae@army.mil,Male,Apt 1603
376,Myron,Brede,mbredeaf@amazon.co.uk,Male,Apt 431
377,Jess,Morigan,jmoriganag@vkontakte.ru,Bigender,Room 79
378,Hunter,Maybey,hmaybeyah@nsw.gov.au,Male,Room 1633
379,Leland,Paten,lpatenai@sakura.ne.jp,Male,Room 969
380,Georgina,Meech,gmeechaj@issuu.com,Female,PO Box 62434
381,Gayle,Smallwood,gsmallwoodak@xing.com,Female,1st Floor
382,Mathian,Yorke,myorkeal@hugedomains.com,Male,Suite 20
383,Anatola,Arnaldi,aarnaldiam@skype.com,Female,Room 1680
384,Mathian,Halburton,mhalburtonan@1und1.de,Male,Room 1865
385,Junette,Cullinan,jcullinanao@disqus.com,Female,Apt 925
386,Emmalyn,Legerwood,elegerwoodap@noaa.gov,Female,8th Floor
387,Elnore,Alaway,ealawayaq@icq.com,Female,Apt 1224
388,Shirleen,Nudds,snuddsar@hud.gov,Female,Suite 76
389,Llewellyn,Deppe,ldeppeas@ezinearticles.com,Male,PO Box 25533
390,Rock,Gwinn,rgwinnat@reverbnation.com,Male,Suite 42
391,Belvia,Elcott,belcottau@gnu.org,Female,Room 611
392,Blondie,Roussel,brousselav@opera.com,Polygender,Apt 1055
393,Amandy,Todd,atoddaw@hatena.ne.jp,Female,PO Box 61021
394,Harwell,FitzGilbert,hfitzgilbertax@nature.com,Male,Suite 97
395,Arabele,Ajsik,aajsikay@addtoany.com,Female,Room 1307
396,Maitilde,Charteris,mcharterisaz@creativecommons.org,Female,13th Floor
397,Alec,McJarrow,amcjarrowb0@clickbank.net,Male,9th Floor
398,Jess,Magarrell,jmagarrellb1@fema.gov,Non-binary,Room 266
399,Janaya,Tomasello,jtomasellob2@springer.com,Female,PO Box 17538
400,Birch,O'Grogane,bogroganeb3@ucoz.ru,Male,Room 1980
401,Granville,Mariel,gmarielb4@columbia.edu,Male,Suite 56
402,Clarissa,Archdeckne,carchdeckneb5@ft.com,Female,8th Floor
403,Maia,Southernwood,msouthernwoodb6@alexa.com,Female,Room 123
404,Penny,Eckery,peckeryb7@dailymail.co.uk,Male,Room 713
405,Nelia,Cove,ncoveb8@gizmodo.com,Female,PO Box 35863
406,Arturo,Le feuvre,alefeuvreb9@addthis.com,Male,PO Box 47424
407,Karia,McKague,kmckagueba@dailymotion.com,Female,Suite 73
408,Geri,Melmeth,gmelmethbb@admin.ch,Male,Room 596
409,Felice,De Vuyst,fdevuystbc@networkadvertising.org,Male,20th Floor
410,Les,Aleevy,laleevybd@altervista.org,Male,Room 1477
411,Angil,Culpan,aculpanbe@over-blog.com,Female,Room 565
412,Wilmar,Molyneaux,wmolyneauxbf@networkadvertising.org,Genderqueer,Suite 51
413,May,Ravillas,mravillasbg@ihg.com,Female,2nd Floor
414,Spike,Inman,sinmanbh@fc2.com,Male,PO Box 70405
415,Carlye,Kippin,ckippinbi@google.fr,Female,Apt 1705
416,Shaine,Zollner,szollnerbj@yahoo.co.jp,Female,Apt 333
417,Barbaraanne,Van der Krui,bvanderkruibk@naver.com,Female,Suite 48
418,Filbert,Reitenbach,freitenbachbl@taobao.com,Male,Apt 996
419,Fredric,Bice,fbicebm@goo.gl,Male,Apt 1476
420,Ashbey,Gallaher,agallaherbn@elpais.com,Male,1st Floor
421,Hollie,Sawney,hsawneybo@people.com.cn,Female,Suite 23
422,Sella,Fenck,sfenckbp@spotify.com,Female,10th Floor
423,Ruddy,Cadagan,rcadaganbq@privacy.gov.au,Male,Room 1133
424,Amandy,Strawbridge,astrawbridgebr@ed.gov,Female,PO Box 40275
425,Justus,Gasquoine,jgasquoinebs@reverbnation.com,Male,Suite 65
426,Chiquia,Borman,cbormanbt@blogger.com,Female,Room 835
427,Eydie,Pietrowicz,epietrowiczbu@statcounter.com,Female,Apt 1604
428,Boot,Hawksworth,bhawksworthbv@google.co.jp,Male,Suite 52
429,Cesya,Landes,clandesbw@goo.gl,Female,Suite 46
430,Melisa,Daish,mdaishbx@opensource.org,Female,Apt 545
431,Annadiana,Begent,abegentby@nationalgeographic.com,Female,Suite 43
432,Dorothy,Palleske,dpalleskebz@macromedia.com,Female,Room 1105
433,Minette,Whissell,mwhissellc0@parallels.com,Female,Room 788
434,Benedetto,Boak,bboakc1@networkadvertising.org,Male,Suite 53
435,Rozalie,Matthew,rmatthewc2@nature.com,Female,Suite 79
436,Janella,Dunton,jduntonc3@godaddy.com,Female,Room 239
437,Gabriele,Taggert,gtaggertc4@who.int,Male,Suite 92
438,Rabbi,Gideon,rgideonc5@huffingtonpost.com,Non-binary,Apt 742
439,Charlena,Honatsch,chonatschc6@hostgator.com,Genderqueer,Room 1075
440,Mira,Vicarey,mvicareyc7@noaa.gov,Female,Room 1529
441,Emmaline,Moorhouse,emoorhousec8@gizmodo.com,Female,Suite 26
442,Vasilis,Alcalde,valcaldec9@issuu.com,Male,Room 1832
443,Nichole,Birtchnell,nbirtchnellca@apple.com,Male,Suite 76
444,Allyn,Aleksandrikin,aaleksandrikincb@xrea.com,Male,12th Floor
445,Rani,Jodrelle,rjodrellecc@trellian.com,Female,17th Floor
446,Gabriell,Hurdis,ghurdiscd@intel.com,Female,PO Box 38121
447,Colly,Genese,cgenesece@hc360.com,Female,Suite 80
448,Renata,Marshman,rmarshmancf@ebay.com,Female,Apt 17
449,Grady,Daggett,gdaggettcg@cornell.edu,Male,PO Box 25635
450,Ty,Sharpous,tsharpousch@vimeo.com,Male,7th Floor
451,Kora,Cutajar,kcutajarci@gravatar.com,Female,Apt 1907
452,Sisile,Cudbird,scudbirdcj@nature.com,Female,Apt 1046
453,Brenden,Northern,bnorthernck@deliciousdays.com,Male,PO Box 96735
454,Perri,Bosch,pboschcl@engadget.com,Female,Room 304
455,Murdock,Titchener,mtitchenercm@4shared.com,Male,Apt 1312
456,Estell,Cosson,ecossoncn@nasa.gov,Female,Apt 1406
457,Dorella,Oliffe,doliffeco@vkontakte.ru,Female,PO Box 78932
458,Devinne,Edmonstone,dedmonstonecp@dot.gov,Female,6th Floor
459,Belvia,Grayson,bgraysoncq@twitter.com,Female,4th Floor
460,Madelyn,Leckie,mleckiecr@comsenz.com,Female,5th Floor
461,Chip,Charley,ccharleycs@github.com,Male,Suite 11
462,Parsifal,Eric,pericct@usnews.com,Male,Suite 56
463,Jessika,Paramor,jparamorcu@unesco.org,Female,Suite 1
464,Harlan,Venditto,hvendittocv@state.gov,Polygender,Suite 8
465,Kare,Channon,kchannoncw@yale.edu,Female,Room 487
466,Evelyn,Halksworth,ehalksworthcx@gizmodo.com,Male,Apt 508
467,Marsh,Shardlow,mshardlowcy@gravatar.com,Male,Room 1095
468,Silas,Prendergrast,sprendergrastcz@rambler.ru,Male,7th Floor
469,Alejandra,Donoher,adonoherd0@elpais.com,Female,Room 753
470,Mahmud,Aven,mavend1@blogspot.com,Male,Apt 1841
471,Anallese,Tegler,ateglerd2@pcworld.com,Female,Suite 17
472,Mitzi,Giurio,mgiuriod3@ucoz.ru,Female,12th Floor
473,Meridith,Piercey,mpierceyd4@yelp.com,Female,5th Floor
474,Leonelle,Gillmore,lgillmored5@omniture.com,Polygender,17th Floor
475,Marni,McKag,mmckagd6@go.com,Female,PO Box 1494
476,Hermy,Romans,hromansd7@barnesandnoble.com,Male,PO Box 39405
477,Herculie,Brewin,hbrewind8@wiley.com,Male,Room 167
478,Edin,Witard,ewitardd9@archive.org,Female,1st Floor
479,Deane,O'Doireidh,dodoireidhda@ihg.com,Male,Room 146
480,Crista,Franey,cfraneydb@51.la,Female,Apt 192
481,Fern,Morcombe,fmorcombedc@furl.net,Female,Room 328
482,Amandy,Montel,amonteldd@webmd.com,Polygender,PO Box 66074
483,Staford,Whicher,swhicherde@ning.com,Male,Apt 1103
484,Stanfield,Urridge,surridgedf@mediafire.com,Male,2nd Floor
485,Peg,Chipping,pchippingdg@hubpages.com,Female,9th Floor
486,Jeffrey,Eland,jelanddh@technorati.com,Male,Suite 83
487,Tootsie,O'Lunney,tolunneydi@pbs.org,Non-binary,20th Floor
488,Karine,Butchard,kbutcharddj@uol.com.br,Non-binary,PO Box 75247
489,Dedie,Bevir,dbevirdk@youtu.be,Female,Apt 242
490,Kial,Berrick,kberrickdl@behance.net,Female,Apt 319
491,Jerrilee,Lyall,jlyalldm@paypal.com,Female,Room 964
492,Gertruda,Cerie,gceriedn@tinyurl.com,Female,20th Floor
493,Sibilla,Treagust,streagustdo@aol.com,Female,14th Floor
494,Cleavland,Zupone,czuponedp@mediafire.com,Male,Suite 17
495,Ulrich,Malatalant,umalatalantdq@amazonaws.com,Male,Suite 82
496,Leandra,Philson,lphilsondr@tuttocitta.it,Female,PO Box 89554
497,Alessandro,Kiloh,akilohds@samsung.com,Male,Room 1242
498,Goran,Bullene,gbullenedt@plala.or.jp,Male,Suite 36
499,Colline,Adame,cadamedu@archive.org,Female,PO Box 31659
500,Valry,Moxon,vmoxondv@oakley.com,Female,Suite 92
501,Ilse,Lugton,ilugtondw@vimeo.com,Female,PO Box 82227
502,Carly,Dubble,cdubbledx@adobe.com,Bigender,10th Floor
503,Pace,Rouby,proubydy@hexun.com,Genderqueer,20th Floor
504,Osgood,Rosewall,orosewalldz@exblog.jp,Male,13th Floor
505,Parry,McAvaddy,pmcavaddye0@sphinn.com,Male,Room 480
506,Nigel,Peare,npearee1@barnesandnoble.com,Male,Suite 79
507,Marchelle,Harses,mharsese2@squarespace.com,Female,Apt 1713
508,Dolf,Maypother,dmaypothere3@ihg.com,Male,Suite 12
509,Ashley,Dooland,adoolande4@wufoo.com,Male,Apt 429
510,Pat,Lemm,plemme5@reuters.com,Genderqueer,Apt 1929
511,Nickie,Sanpher,nsanphere6@cam.ac.uk,Male,PO Box 33072
512,Had,Fooks,hfookse7@bbc.co.uk,Male,Room 1114
513,Gussie,Cattlow,gcattlowe8@irs.gov,Female,Room 1572
514,Walther,Brehault,wbrehaulte9@instagram.com,Male,PO Box 50254
515,Kristo,Yurtsev,kyurtsevea@weebly.com,Male,Suite 72
516,Omero,Klemenz,oklemenzeb@i2i.jp,Male,Apt 1554
517,Erskine,Hadye,ehadyeec@google.ru,Male,Suite 54
518,Nikola,Verralls,nverrallsed@upenn.edu,Male,Suite 55
519,Wyn,Smout,wsmoutee@lycos.com,Male,Suite 54
520,Oran,Sapsford,osapsfordef@nbcnews.com,Male,Apt 1641
521,Dallas,Langmuir,dlangmuireg@google.co.jp,Agender,Apt 18
522,Morie,Ennals,mennalseh@t-online.de,Male,Room 1955
523,Yvon,Ogdahl,yogdahlei@timesonline.co.uk,Male,PO Box 51500
524,Goldia,Wesgate,gwesgateej@google.cn,Female,Apt 1176
525,Ottilie,Fettis,ofettisek@ft.com,Agender,Apt 18
526,Zebulon,Glauber,zglauberel@admin.ch,Male,Apt 1847
527,Eustacia,Yoell,eyoellem@youtube.com,Agender,Apt 956
528,Leigha,Skarman,lskarmanen@nydailynews.com,Female,Room 199
529,Cchaddie,Usmar,cusmareo@diigo.com,Male,Apt 1366
530,Gregoire,Haversham,ghavershamep@utexas.edu,Male,Apt 462
531,Laird,Lowry,llowryeq@gmpg.org,Male,Apt 874
532,Mateo,Egan,meganer@booking.com,Male,14th Floor
533,Rosanne,Dommett,rdommettes@dedecms.com,Female,Suite 43
534,Alameda,Hooke,ahookeet@ucoz.ru,Female,Apt 1469
535,Tedra,Cremer,tcremereu@bravesites.com,Female,Room 569
536,Maximilianus,Beade,mbeadeev@google.de,Male,Suite 90
537,Drud,Brambill,dbrambillew@thetimes.co.uk,Male,Apt 5
538,Hadria,Kayne,hkayneex@wix.com,Female,Room 959
539,Wylie,Blethyn,wblethyney@house.gov,Male,Room 732
540,Fiorenze,Francois,ffrancoisez@eventbrite.com,Agender,2nd Floor
541,Ethel,Damsell,edamsellf0@boston.com,Female,12th Floor
542,Cami,Clemon,cclemonf1@kickstarter.com,Female,PO Box 94760
543,Manda,Sadat,msadatf2@ehow.com,Female,Apt 1659
544,Loutitia,Sent,lsentf3@trellian.com,Female,PO Box 60996
545,Mohammed,Oxtoby,moxtobyf4@wiley.com,Agender,15th Floor
546,Tyson,Rainer,trainerf5@timesonline.co.uk,Male,Apt 1848
547,Constancy,O'Mullaney,comullaneyf6@furl.net,Female,1st Floor
548,Martin,Lawrenz,mlawrenzf7@360.cn,Male,Suite 26
549,Jacobo,Galsworthy,jgalsworthyf8@elegantthemes.com,Genderqueer,Suite 79
550,Evangelia,Frew,efrewf9@fotki.com,Female,PO Box 95292
551,Fredek,Rathjen,frathjenfa@amazon.de,Male,PO Box 56949
552,Valle,Machans,vmachansfb@state.gov,Male,9th Floor
553,Olympie,Kingsnorth,okingsnorthfc@topsy.com,Female,Room 776
554,Bailey,Brown,bbrownfd@marketwatch.com,Male,PO Box 71171
555,Emlen,Mandifield,emandifieldfe@ucoz.ru,Male,Suite 13
556,Danya,Gronow,dgronowff@51.la,Male,11th Floor
557,Stephine,Adamovich,sadamovichfg@pagesperso-orange.fr,Female,Apt 846
558,Deonne,Pettis,dpettisfh@yellowbook.com,Female,Apt 1846
559,Jayme,Bemrose,jbemrosefi@wikia.com,Female,Suite 24
560,Mathian,Derges,mdergesfj@bing.com,Male,18th Floor
561,Alfonse,Mickelwright,amickelwrightfk@nps.gov,Agender,Apt 16
562,Kylynn,Gaddie,kgaddiefl@go.com,Female,Apt 1324
563,Clevie,Pantin,cpantinfm@hatena.ne.jp,Male,Room 92
564,Kati,Hodgin,khodginfn@fema.gov,Female,14th Floor
565,Arlene,Shadrack,ashadrackfo@theguardian.com,Bigender,Suite 69
566,Luce,Barrowclough,lbarrowcloughfp@hatena.ne.jp,Male,2nd Floor
567,Traver,Cellier,tcellierfq@purevolume.com,Male,Room 1847
568,Jedd,Louder,jlouderfr@furl.net,Male,Suite 72
569,Jewell,Aldrick,jaldrickfs@barnesandnoble.com,Female,Apt 1554
570,Kipp,Castelluzzi,kcastelluzzift@earthlink.net,Male,Apt 1720
571,Leupold,Plank,lplankfu@pagesperso-orange.fr,Male,PO Box 50147
572,Ron,Schukert,rschukertfv@github.com,Male,16th Floor
573,Shelley,Robelet,srobeletfw@people.com.cn,Genderqueer,12th Floor
574,Cherry,Prydden,cpryddenfx@hc360.com,Female,Room 1095
575,Rex,Boother,rbootherfy@github.com,Male,Suite 66
576,Guillermo,Demetr,gdemetrfz@wired.com,Male,PO Box 76636
577,Errol,Heinert,eheinertg0@abc.net.au,Male,Suite 72
578,Nadean,Braunton,nbrauntong1@si.edu,Female,Apt 389
579,Gibby,Hentzer,ghentzerg2@quantcast.com,Male,Suite 33
580,Loria,MacFie,lmacfieg3@home.pl,Female,Suite 59
581,Norris,Miners,nminersg4@lulu.com,Male,PO Box 62541
582,Nanete,Bourley,nbourleyg5@gravatar.com,Female,17th Floor
583,Bunni,Coast,bcoastg6@yale.edu,Female,Room 844
584,Merissa,Couroy,mcouroyg7@google.co.jp,Female,Apt 983
585,Almeta,Venners,avennersg8@howstuffworks.com,Female,PO Box 3387
586,Howard,Cranmore,hcranmoreg9@mashable.com,Non-binary,PO Box 10147
587,James,Brechin,jbrechinga@surveymonkey.com,Polygender,9th Floor
588,Randie,Down,rdowngb@squidoo.com,Male,Apt 1975
589,Carrissa,Frenzel;,cfrenzelgc@tinyurl.com,Female,Room 1574
590,Muffin,Grunson,mgrunsongd@state.tx.us,Male,Apt 115
591,Perla,Versey,pverseyge@newyorker.com,Female,Apt 1419
592,Vivia,Tunder,vtundergf@gov.uk,Female,Suite 39
593,Murray,Mebs,mmebsgg@bandcamp.com,Male,Suite 28
594,Iosep,Le Gall,ilegallgh@google.nl,Male,Suite 10
595,Rivy,Rizzardini,rrizzardinigi@bigcartel.com,Female,19th Floor
596,Hilliary,Ellerton,hellertongj@smugmug.com,Female,Apt 1449
597,Sherry,Vignal,svignalgk@rambler.ru,Female,2nd Floor
598,Bradney,Farnorth,bfarnorthgl@tamu.edu,Agender,Suite 88
599,Carson,Cockrem,ccockremgm@odnoklassniki.ru,Male,12th Floor
600,Denney,Kubacek,dkubacekgn@weebly.com,Male,10th Floor
601,Alana,Sharrock,asharrockgo@seesaa.net,Female,Room 1863
602,Bartlet,Brede,bbredegp@addthis.com,Male,Apt 616
603,Micky,Grelka,mgrelkagq@canalblog.com,Male,Room 512
604,Ingram,Balmer,ibalmergr@ebay.co.uk,Male,1st Floor
605,Obadiah,Summerell,osummerellgs@time.com,Male,17th Floor
606,Gunner,Skullet,gskulletgt@miibeian.gov.cn,Male,PO Box 71923
607,Louis,Arnhold,larnholdgu@ucoz.ru,Male,11th Floor
608,Flory,Barttrum,fbarttrumgv@pagesperso-orange.fr,Male,Apt 1462
609,Anissa,Jurick,ajurickgw@posterous.com,Female,Apt 1278
610,Piper,Breagan,pbreagangx@diigo.com,Female,Suite 70
611,Ranna,Pimlett,rpimlettgy@seattletimes.com,Female,Apt 1626
612,Jonas,Bleddon,jbleddongz@opera.com,Male,14th Floor
613,Charmian,Coverdale,ccoverdaleh0@craigslist.org,Female,Room 1356
614,Torrie,Scedall,tscedallh1@pagesperso-orange.fr,Female,PO Box 41905
615,Niccolo,McKea,nmckeah2@tiny.cc,Non-binary,Apt 1254
616,Emyle,Tuberfield,etuberfieldh3@microsoft.com,Female,Apt 993
617,Alikee,Tibbits,atibbitsh4@kickstarter.com,Female,Room 430
618,Karie,Dudin,kdudinh5@google.com,Agender,17th Floor
619,Franchot,Bloschke,fbloschkeh6@cafepress.com,Male,Room 796
620,Erin,Burke,eburkeh7@wordpress.org,Female,12th Floor
621,Pooh,Gisburne,pgisburneh8@yelp.com,Male,PO Box 24719
622,Thomasa,Majury,tmajuryh9@mozilla.com,Female,PO Box 28761
623,Symon,Agron,sagronha@java.com,Male,Room 769
624,Quincy,Haysar,qhaysarhb@csmonitor.com,Male,2nd Floor
625,Bartolomeo,Galway,bgalwayhc@netlog.com,Male,Suite 79
626,Carilyn,Reisk,creiskhd@geocities.jp,Female,Suite 23
627,Standford,Cullingford,scullingfordhe@free.fr,Male,PO Box 32577
628,Albrecht,Weatherburn,aweatherburnhf@berkeley.edu,Male,Apt 740
629,Colin,Fawlo,cfawlohg@technorati.com,Male,Suite 21
630,Torey,Kitchinham,tkitchinhamhh@abc.net.au,Female,7th Floor
631,Shay,Giovannelli,sgiovannellihi@google.pl,Female,PO Box 6557
632,Marieann,Brammer,mbrammerhj@vk.com,Female,Room 84
633,Larina,McKirton,lmckirtonhk@hostgator.com,Female,Apt 1049
634,Staford,Maskell,smaskellhl@irs.gov,Male,5th Floor
635,Eldon,Tampling,etamplinghm@gravatar.com,Male,PO Box 36734
636,Angy,Dunrige,adunrigehn@simplemachines.org,Female,Apt 1559
637,Rozella,Finch,rfinchho@creativecommons.org,Female,6th Floor
638,Leonid,McReidy,lmcreidyhp@ow.ly,Male,Apt 27
639,Demetre,Rodolphe,drodolphehq@blogspot.com,Male,10th Floor
640,Gwenneth,Olivari,golivarihr@alexa.com,Female,Room 905
641,Wendy,Burmingham,wburminghamhs@github.com,Female,Room 1198
642,Aldin,McClay,amcclayht@europa.eu,Male,Apt 1000
643,Sonnie,Pauluzzi,spauluzzihu@live.com,Male,11th Floor
644,Ynes,Flucker,yfluckerhv@google.nl,Female,Suite 57
645,Florance,Lidgerton,flidgertonhw@sohu.com,Non-binary,Suite 66
646,Drake,Pennells,dpennellshx@canalblog.com,Male,PO Box 66044
647,Kacey,Stiven,kstivenhy@dot.gov,Female,5th Floor
648,Libbi,Keoghane,lkeoghanehz@wix.com,Female,Room 287
649,Vinson,Reace,vreacei0@dailymotion.com,Male,PO Box 21789
650,Moria,Dakhno,mdakhnoi1@marriott.com,Female,8th Floor
651,Deirdre,Chatelet,dchateleti2@microsoft.com,Female,Suite 59
652,Hyacinthe,Kirwan,hkirwani3@bing.com,Female,Suite 6
653,Giordano,Warrell,gwarrelli4@godaddy.com,Male,PO Box 95820
654,Kaiser,Klimpke,kklimpkei5@cpanel.net,Genderqueer,Suite 28
655,Ephrem,Daborn,edaborni6@ustream.tv,Bigender,Suite 38
656,Coop,Swancott,cswancotti7@nyu.edu,Male,13th Floor
657,Zuzana,Wellsman,zwellsmani8@cbsnews.com,Female,18th Floor
658,Kylie,Laurant,klauranti9@webmd.com,Female,Suite 62
659,Ettie,Roelofsen,eroelofsenia@xinhuanet.com,Female,16th Floor
660,Ellery,Mitcheson,emitchesonib@flavors.me,Male,PO Box 60002
661,Bancroft,Clitherow,bclitherowic@yahoo.co.jp,Male,5th Floor
662,Currie,Gurden,cgurdenid@stumbleupon.com,Male,Suite 88
663,Kienan,Freckleton,kfreckletonie@wikimedia.org,Male,PO Box 52596
664,Natividad,Speak,nspeakif@virginia.edu,Female,PO Box 76291
665,Darill,Lockart,dlockartig@thetimes.co.uk,Male,5th Floor
666,Reginald,Storcke,rstorckeih@princeton.edu,Male,4th Floor
667,Loni,Gartrell,lgartrellii@ucoz.com,Female,Apt 1381
668,Scarlett,Lidierth,slidierthij@bbc.co.uk,Non-binary,PO Box 25976
669,Deeanne,Edlestone,dedlestoneik@opera.com,Female,PO Box 35734
670,Paulina,Slogrove,pslogroveil@artisteer.com,Female,Apt 1849
671,Lidia,Bortolotti,lbortolottiim@sina.com.cn,Female,Apt 1537
672,Blair,Cowcha,bcowchain@aol.com,Female,Room 1164
673,Delmore,Ternent,dternentio@ihg.com,Male,Apt 1749
674,Ferguson,Lepope,flepopeip@psu.edu,Male,Apt 165
675,Hynda,Tittershill,htittershilliq@canalblog.com,Female,16th Floor
676,Mathew,Matlock,mmatlockir@biblegateway.com,Male,8th Floor
677,Lebbie,Melanaphy,lmelanaphyis@opera.com,Female,Suite 34
678,Whitaker,Breydin,wbreydinit@salon.com,Male,10th Floor
679,Rafaelia,Grzegorzewicz,rgrzegorzewicziu@purevolume.com,Non-binary,PO Box 61139
680,Ritchie,Schwaiger,rschwaigeriv@spiegel.de,Male,Apt 476
681,Danella,Basnall,dbasnalliw@about.com,Agender,Apt 1421
682,Iolande,Haskew,ihaskewix@photobucket.com,Female,Room 967
683,Antoni,Hopkyns,ahopkynsiy@mapy.cz,Bigender,Suite 43
684,Mikol,Huddle,mhuddleiz@free.fr,Male,Apt 1149
685,Koenraad,Dmitr,kdmitrj0@howstuffworks.com,Male,Suite 53
686,Philis,M'cowis,pmcowisj1@netscape.com,Female,4th Floor
687,Jordan,Biaggiotti,jbiaggiottij2@blogtalkradio.com,Female,6th Floor
688,Karissa,Dufer,kduferj3@chron.com,Female,Suite 72
689,Shirlee,Meriot,smeriotj4@skyrock.com,Female,Suite 18
690,Jeremiah,Smeuin,jsmeuinj5@ning.com,Male,3rd Floor
691,Caren,Spare,csparej6@go.com,Female,Suite 11
692,Sunny,Blayney,sblayneyj7@360.cn,Agender,Suite 87
693,Mike,Baldery,mbalderyj8@weebly.com,Genderfluid,Suite 33
694,Katti,Norcross,knorcrossj9@google.nl,Polygender,15th Floor
695,Gennifer,Stanner,gstannerja@nih.gov,Female,Room 1658
696,Cindelyn,Exon,cexonjb@chronoengine.com,Female,Suite 98
697,Caz,Madigan,cmadiganjc@cnbc.com,Male,PO Box 55550
698,Bennie,Hayfield,bhayfieldjd@geocities.com,Agender,PO Box 10807
699,Dulcine,Snalum,dsnalumje@photobucket.com,Female,Apt 1134
700,Langston,Jeppensen,ljeppensenjf@google.es,Male,Room 1040
701,Teressa,Olivari,tolivarijg@mtv.com,Female,1st Floor
702,Juditha,Kirdsch,jkirdschjh@blogger.com,Female,Room 1899
703,Georgianne,Beard,gbeardji@china.com.cn,Female,PO Box 84265
704,Deirdre,Eschalette,deschalettejj@cafepress.com,Polygender,PO Box 50064
705,Car,Cragg,ccraggjk@chron.com,Male,Room 1418
706,Carlota,Blaschek,cblaschekjl@shareasale.com,Female,PO Box 46337
707,Weidar,Crump,wcrumpjm@intel.com,Male,Apt 1429
708,Robinet,Graves,rgravesjn@instagram.com,Male,Apt 1912
709,Elbertine,Cottem,ecottemjo@clickbank.net,Female,Apt 1392
710,Trstram,Torbett,ttorbettjp@telegraph.co.uk,Male,Room 103
711,Rollin,Rowney,rrowneyjq@clickbank.net,Male,Room 1072
712,Carmelle,Luc,clucjr@live.com,Female,9th Floor
713,Elsa,Surmeir,esurmeirjs@unc.edu,Female,13th Floor
714,Gwen,John,gjohnjt@tumblr.com,Female,Apt 1993
715,Jeannine,Jaulmes,jjaulmesju@arizona.edu,Non-binary,Room 1962
716,Beatriz,Mattaus,bmattausjv@nhs.uk,Female,Apt 634
717,Berget,O'Hallagan,bohallaganjw@tinypic.com,Non-binary,Suite 23
718,Lavinia,Pearton,lpeartonjx@thetimes.co.uk,Female,3rd Floor
719,Ottilie,Stillwell,ostillwelljy@tinypic.com,Female,PO Box 63417
720,Filberte,McGettrick,fmcgettrickjz@mashable.com,Male,7th Floor
721,Madel,Finnick,mfinnickk0@google.pl,Female,Room 74
722,Nesta,McKinley,nmckinleyk1@technorati.com,Genderfluid,Apt 997
723,Reilly,Donovin,rdonovink2@twitter.com,Genderqueer,Room 1623
724,Fey,Hurle,fhurlek3@hud.gov,Female,Apt 745
725,Dougie,Gentil,dgentilk4@wisc.edu,Male,Apt 1132
726,Hanan,Varndall,hvarndallk5@gizmodo.com,Male,Suite 26
727,Nicoline,Origin,norigink6@java.com,Female,18th Floor
728,Mikey,Dorr,mdorrk7@youtu.be,Male,Room 158
729,Bettina,Edland,bedlandk8@etsy.com,Female,4th Floor
730,Dougy,Burkett,dburkettk9@cbsnews.com,Male,PO Box 2064
731,Carmela,Bearblock,cbearblockka@sbwire.com,Female,19th Floor
732,Kirsti,Dalgety,kdalgetykb@kickstarter.com,Female,PO Box 25224
733,Pepita,Allflatt,pallflattkc@tinyurl.com,Female,Apt 1759
734,Maryanna,Henriksson,mhenrikssonkd@cisco.com,Bigender,15th Floor
735,Bondie,Harget,bhargetke@oracle.com,Male,19th Floor
736,Nelly,Tutchell,ntutchellkf@utexas.edu,Female,13th Floor
737,Thane,Cunniff,tcunniffkg@aboutads.info,Male,PO Box 99115
738,Berenice,Maffey,bmaffeykh@slashdot.org,Female,Room 232
739,Gisella,Keay,gkeayki@csmonitor.com,Female,16th Floor
740,Tandie,Ubsdell,tubsdellkj@berkeley.edu,Female,Apt 735
741,Maddie,Martellini,mmartellinikk@rediff.com,Female,Apt 298
742,Devin,Lesper,dlesperkl@hao123.com,Male,Room 401
743,Sullivan,Dudman,sdudmankm@home.pl,Male,Apt 809
744,Annemarie,Stirley,astirleykn@blogs.com,Female,Room 127
745,Vania,Scarborough,vscarboroughko@sfgate.com,Female,Apt 1103
746,Harmon,Bevans,hbevanskp@va.gov,Non-binary,Room 83
747,Hildy,Coiley,hcoileykq@samsung.com,Female,Suite 92
748,Base,Bilverstone,bbilverstonekr@tumblr.com,Genderqueer,PO Box 18775
749,Lyn,Boddy,lboddyks@ted.com,Male,Apt 589
750,Cherianne,Labbett,clabbettkt@ehow.com,Female,16th Floor
751,Lelah,Schuster,lschusterku@php.net,Female,Suite 39
752,Jareb,Ketchen,jketchenkv@163.com,Male,Apt 469
753,Marie-ann,Ethelstone,methelstonekw@ehow.com,Female,PO Box 3161
754,Billy,O'Sheerin,bosheerinkx@reverbnation.com,Male,Suite 12
755,Bay,Medd,bmeddky@bigcartel.com,Male,PO Box 58861
756,Zed,Hrachovec,zhrachoveckz@twitter.com,Male,PO Box 53800
757,Emmett,Clapston,eclapstonl0@newsvine.com,Male,PO Box 61811
758,Hart,Gaffney,hgaffneyl1@cafepress.com,Male,Suite 77
759,Terrance,Fairholme,tfairholmel2@chronoengine.com,Male,5th Floor
760,Ludvig,Bake,lbakel3@patch.com,Male,Room 1111
761,Randy,Gimlet,rgimletl4@technorati.com,Male,Apt 799
762,Sydel,Syvret,ssyvretl5@salon.com,Female,Suite 60
763,Vida,Winwright,vwinwrightl6@ihg.com,Female,Suite 32
764,Koo,Heiton,kheitonl7@umn.edu,Female,PO Box 2947
765,Irwinn,Orth,iorthl8@engadget.com,Male,10th Floor
766,Luce,Polding,lpoldingl9@oaic.gov.au,Male,PO Box 78351
767,Chick,Lowres,clowresla@uol.com.br,Male,Suite 27
768,Cornall,Petkens,cpetkenslb@chicagotribune.com,Male,Suite 52
769,Othello,Noury,onourylc@bluehost.com,Male,Room 1219
770,Felicle,Desouza,fdesouzald@google.co.uk,Female,Suite 67
771,Lilli,Calbrathe,lcalbrathele@tuttocitta.it,Female,PO Box 38186
772,Maximo,Giannoni,mgiannonilf@amazonaws.com,Male,PO Box 5769
773,Alene,Samsworth,asamsworthlg@ezinearticles.com,Female,Apt 236
774,Anet,McCaghan,amccaghanlh@bing.com,Female,16th Floor
775,Carilyn,Piscot,cpiscotli@vkontakte.ru,Female,PO Box 42861
776,Bond,Shillinglaw,bshillinglawlj@fotki.com,Male,Room 571
777,Sigismond,Jirieck,sjiriecklk@unesco.org,Male,16th Floor
778,Lodovico,Phoenix,lphoenixll@rakuten.co.jp,Male,PO Box 94234
779,Rustin,Slemmonds,rslemmondslm@4shared.com,Male,Suite 63
780,Dar,Allonby,dallonbyln@berkeley.edu,Bigender,PO Box 2521
781,Maryann,Manhood,mmanhoodlo@g.co,Female,Suite 7
782,Levin,O'Doireidh,lodoireidhlp@cloudflare.com,Male,5th Floor
783,Garvey,Sharma,gsharmalq@digg.com,Genderqueer,PO Box 13038
784,Thekla,Mucklestone,tmucklestonelr@abc.net.au,Female,PO Box 99106
785,Ernst,Butterworth,ebutterworthls@clickbank.net,Male,Suite 88
786,Sande,Keneford,skenefordlt@si.edu,Female,PO Box 1275
787,Manny,Sharrock,msharrocklu@dagondesign.com,Male,Suite 51
788,Laverna,Wilsey,lwilseylv@icq.com,Female,Apt 1487
789,Bess,Boggas,bboggaslw@oaic.gov.au,Female,10th Floor
790,Beverlee,Dunan,bdunanlx@histats.com,Female,Suite 88
791,Roselia,Peoples,rpeoplesly@ovh.net,Female,Apt 1597
792,Alva,Frape,afrapelz@oakley.com,Male,Room 1907
793,Cash,Hackinge,chackingem0@paginegialle.it,Non-binary,Room 336
794,Silas,Durant,sdurantm1@weebly.com,Male,8th Floor
795,Henka,Potte,hpottem2@imdb.com,Agender,Room 931
796,Madeline,Bernhard,mbernhardm3@unc.edu,Female,PO Box 13502
797,Drusy,Ixor,dixorm4@deliciousdays.com,Female,Room 1604
798,Charles,Jaycock,cjaycockm5@squidoo.com,Male,Suite 76
799,Theresina,Albers,talbersm6@globo.com,Female,Apt 442
800,Edmon,Binner,ebinnerm7@forbes.com,Male,3rd Floor
801,Cristi,Kapelhof,ckapelhofm8@cpanel.net,Female,Suite 18
802,Risa,Syce,rsycem9@theguardian.com,Agender,Room 80
803,Sandra,Richings,srichingsma@is.gd,Female,Apt 58
804,Phil,Gaitley,pgaitleymb@ifeng.com,Male,Room 251
805,Gretta,Spark,gsparkmc@seattletimes.com,Polygender,Apt 1337
806,Dal,Camellini,dcamellinimd@oracle.com,Male,3rd Floor
807,Hillier,Grimolbie,hgrimolbieme@soundcloud.com,Male,3rd Floor
808,Lorilyn,Conibeer,lconibeermf@tripod.com,Female,Suite 92
809,Kaitlin,Aleksidze,kaleksidzemg@posterous.com,Genderqueer,PO Box 93349
810,Raye,Pitway,rpitwaymh@twitter.com,Female,Apt 1180
811,Chicky,Lopez,clopezmi@ameblo.jp,Female,Room 1179
812,Gun,Tranfield,gtranfieldmj@goo.ne.jp,Male,2nd Floor
813,Opalina,Noone,onoonemk@msn.com,Female,Room 1962
814,Costa,Wordesworth,cwordesworthml@gravatar.com,Male,PO Box 29567
815,Aurelie,Alleyn,aalleynmm@joomla.org,Female,Apt 23
816,Yul,Hundy,yhundymn@tripod.com,Male,Apt 77
817,Debi,Siddele,dsiddelemo@salon.com,Female,Room 296
818,Mandel,Robak,mrobakmp@facebook.com,Male,3rd Floor
819,Garrick,Dawltrey,gdawltreymq@example.com,Male,PO Box 18494
820,Jesus,Ong,jongmr@moonfruit.com,Non-binary,PO Box 11962
821,Koo,Izatt,kizattms@feedburner.com,Female,PO Box 3273
822,Lidia,Midson,lmidsonmt@chronoengine.com,Female,PO Box 18474
823,Britte,Englishby,benglishbymu@twitter.com,Female,Apt 1018
824,Bing,Mitchinson,bmitchinsonmv@mozilla.com,Male,Apt 1538
825,Galven,Magowan,gmagowanmw@amazon.de,Male,PO Box 79281
826,Cally,Lattimer,clattimermx@bigcartel.com,Female,Suite 42
827,Jammal,Fanti,jfantimy@mapquest.com,Male,Suite 50
828,Chrystal,Camilleri,ccamillerimz@engadget.com,Female,Suite 77
829,Alano,Hembery,ahemberyn0@themeforest.net,Agender,Apt 1645
830,Margarethe,Dicks,mdicksn1@go.com,Female,3rd Floor
831,Orella,Southcomb,osouthcombn2@about.com,Female,4th Floor
832,Marlin,Edgar,medgarn3@issuu.com,Male,10th Floor
833,Theodosia,Meriot,tmeriotn4@pen.io,Female,Room 352
834,Verney,Jeffery,vjefferyn5@hostgator.com,Male,Room 960
835,Guenevere,Scolland,gscollandn6@ucla.edu,Female,Suite 25
836,Colby,Atlee,catleen7@fotki.com,Male,Apt 1273
837,Erek,Burfield,eburfieldn8@deliciousdays.com,Male,Apt 1267
838,Gustave,Hame,ghamen9@wikispaces.com,Male,Apt 1396
839,Agustin,Cyson,acysonna@utexas.edu,Male,Room 431
840,Hilton,Fowlie,hfowlienb@soundcloud.com,Male,Apt 539
841,Philly,Chapier,pchapiernc@indiatimes.com,Female,Apt 1763
842,Gustave,De Dantesie,gdedantesiend@tmall.com,Male,12th Floor
843,Cheryl,Ashwell,cashwellne@google.com.br,Female,Apt 1236
844,Hoebart,Pibworth,hpibworthnf@skyrock.com,Male,Apt 1447
845,Tish,Quigg,tquiggng@sohu.com,Female,Room 111
846,Cesar,Hampshaw,champshawnh@amazonaws.com,Genderfluid,PO Box 63570
847,Claybourne,Wanstall,cwanstallni@umich.edu,Male,3rd Floor
848,Irma,Reford,irefordnj@whitehouse.gov,Female,9th Floor
849,Karisa,Bloxland,kbloxlandnk@goodreads.com,Female,Suite 1
850,Jayne,Whatley,jwhatleynl@bloomberg.com,Female,Suite 64
851,Case,Renshall,crenshallnm@spotify.com,Male,Room 1309
852,Carce,Townshend,ctownshendnn@boston.com,Genderfluid,PO Box 96969
853,Celina,Belliss,cbellissno@themeforest.net,Female,Apt 374
854,Web,Holson,wholsonnp@etsy.com,Male,13th Floor
855,Melantha,Annetts,mannettsnq@tripadvisor.com,Female,16th Floor
856,Eberto,Cornilleau,ecornilleaunr@github.io,Male,Suite 38
857,L;urette,Urien,lurienns@samsung.com,Female,Suite 100
858,Elaine,Pestor,epestornt@statcounter.com,Female,3rd Floor
859,Deanna,Tuma,dtumanu@stumbleupon.com,Female,Room 1823
860,Brittan,Hercules,bherculesnv@nationalgeographic.com,Female,Apt 1162
861,Lucretia,Sugarman,lsugarmannw@globo.com,Female,Apt 92
862,Leisha,Alan,lalannx@tuttocitta.it,Female,Room 415
863,Bryce,Whalley,bwhalleyny@timesonline.co.uk,Male,Apt 1354
864,Tanitansy,Letherbury,tletherburynz@tuttocitta.it,Female,Suite 33
865,Caril,McConnel,cmcconnelo0@goo.ne.jp,Bigender,Room 1826
866,Brannon,McAirt,bmcairto1@issuu.com,Male,Suite 13
867,Wendeline,Bagworth,wbagwortho2@pcworld.com,Female,Apt 226
868,Codi,Wildor,cwildoro3@1und1.de,Female,PO Box 37946
869,Rainer,Hoggan,rhoggano4@myspace.com,Male,PO Box 17835
870,Sholom,Standon,sstandono5@europa.eu,Male,Suite 63
871,Jermayne,Draye,jdrayeo6@free.fr,Male,Apt 1864
872,Yoshi,Tarte,ytarteo7@weebly.com,Female,PO Box 76505
873,Elane,Claxton,eclaxtono8@usnews.com,Female,Suite 31
874,Sharl,O'Carran,socarrano9@sfgate.com,Female,Suite 50
875,Henrik,Beharrell,hbeharrelloa@redcross.org,Male,11th Floor
876,Sadella,Saunton,ssauntonob@qq.com,Female,Room 1691
877,Kelley,Cargon,kcargonoc@webmd.com,Female,Room 1160
878,Jacob,Barensen,jbarensenod@usgs.gov,Male,Apt 79
879,Gerty,Cossem,gcossemoe@instagram.com,Female,Suite 84
880,Sela,Lehrer,slehrerof@stumbleupon.com,Female,Apt 1453
881,Frank,Milillo,fmililloog@fotki.com,Male,9th Floor
882,Georgena,Nussii,gnussiioh@amazon.co.uk,Female,Apt 8
883,Kathleen,Lowndesbrough,klowndesbroughoi@oakley.com,Female,Room 1115
884,Janeczka,Pyffe,jpyffeoj@qq.com,Female,Room 2
885,Hanna,Broadley,hbroadleyok@woothemes.com,Female,9th Floor
886,Katlin,Threader,kthreaderol@pbs.org,Genderqueer,Apt 1362
887,Dolores,Manicomb,dmanicombom@vk.com,Female,Room 1573
888,Kirsten,Stokoe,kstokoeon@google.com.au,Female,6th Floor
889,Malissia,Hackney,mhackneyoo@i2i.jp,Female,3rd Floor
890,Antonius,Colrein,acolreinop@slate.com,Male,Apt 727
891,Maxim,Johnes,mjohnesoq@weebly.com,Male,PO Box 49921
892,Sig,de Merida,sdemeridaor@biglobe.ne.jp,Male,7th Floor
893,Audrey,Warton,awartonos@t.co,Female,Room 1507
894,Alicea,Samwayes,asamwayesot@noaa.gov,Polygender,Room 1622
895,Walther,Down,wdownou@google.co.jp,Male,Apt 389
896,Thedrick,Celler,tcellerov@naver.com,Male,Apt 1608
897,Berte,Mixworthy,bmixworthyow@merriam-webster.com,Female,Room 561
898,Tab,Cuvley,tcuvleyox@ask.com,Male,Apt 1894
899,Currie,Webbe,cwebbeoy@wired.com,Male,PO Box 73987
900,Cathrine,Alfonso,calfonsooz@gnu.org,Female,PO Box 39403
901,Helaina,Redsull,hredsullp0@narod.ru,Female,5th Floor
902,Blinny,Boobier,bboobierp1@bloomberg.com,Female,15th Floor
903,Trescha,Rallings,trallingsp2@netlog.com,Female,6th Floor
904,Jayme,Amiranda,jamirandap3@yelp.com,Male,Apt 977
905,Wye,Littley,wlittleyp4@omniture.com,Male,Suite 52
906,Ashil,Backhouse,abackhousep5@devhub.com,Female,17th Floor
907,Kellen,O'Flaverty,koflavertyp6@ihg.com,Female,Apt 1128
908,Donnie,Shapland,dshaplandp7@rakuten.co.jp,Polygender,19th Floor
909,Jada,Boas,jboasp8@deliciousdays.com,Female,PO Box 40538
910,Maryellen,Mc Dermid,mmcdermidp9@google.com.hk,Female,Suite 91
911,Sim,Frankis,sfrankispa@xrea.com,Male,PO Box 68235
912,Iosep,Ghelarducci,ighelarduccipb@blogspot.com,Male,18th Floor
913,Reade,Bownas,rbownaspc@yahoo.com,Male,Suite 49
914,Michail,Debill,mdebillpd@wix.com,Male,Apt 1401
915,Sydelle,Doubleday,sdoubledaype@ted.com,Female,Apt 1936
916,Tracey,Stave,tstavepf@unc.edu,Female,8th Floor
917,Trina,Kimble,tkimblepg@wisc.edu,Female,8th Floor
918,Rubina,Drage,rdrageph@europa.eu,Female,Apt 85
919,Iormina,Schulter,ischulterpi@blog.com,Female,Room 964
920,Ginger,Downer,gdownerpj@cmu.edu,Male,1st Floor
921,Heywood,Scotts,hscottspk@spotify.com,Male,PO Box 19440
922,Peria,Tzuker,ptzukerpl@yolasite.com,Female,Apt 1126
923,Olav,Cleen,ocleenpm@loc.gov,Male,Room 1343
924,Fax,Furminger,ffurmingerpn@msn.com,Male,PO Box 9934
925,Aldwin,Vigers,avigerspo@wp.com,Male,Apt 1859
926,Roseann,Izakof,rizakofpp@stumbleupon.com,Agender,PO Box 5453
927,Marinna,McNalley,mmcnalleypq@senate.gov,Female,Apt 1662
928,Lenette,Leworthy,lleworthypr@istockphoto.com,Female,Room 846
929,Barnaby,Sotworth,bsotworthps@godaddy.com,Male,PO Box 33490
930,Therine,Cammock,tcammockpt@fema.gov,Female,Suite 38
931,Adams,Bernhardt,abernhardtpu@usa.gov,Male,PO Box 64430
932,Bettine,Meharry,bmeharrypv@creativecommons.org,Female,PO Box 58076
933,Caralie,Wennam,cwennampw@meetup.com,Female,Suite 22
934,Fredek,Bunyard,fbunyardpx@skyrock.com,Male,Apt 1426
935,Marketa,Wrixon,mwrixonpy@squidoo.com,Female,Apt 1241
936,Alia,Churchyard,achurchyardpz@live.com,Female,2nd Floor
937,Ettie,Featherstone,efeatherstoneq0@princeton.edu,Female,Apt 270
938,Antoinette,Morcom,amorcomq1@ocn.ne.jp,Female,PO Box 54936
939,Marieann,Fairfoot,mfairfootq2@imageshack.us,Non-binary,Apt 308
940,Meier,Sussems,msussemsq3@ameblo.jp,Male,Suite 65
941,Melinda,Davet,mdavetq4@topsy.com,Female,Suite 5
942,Enoch,Seakings,eseakingsq5@google.it,Genderqueer,Apt 1672
943,Asa,Grunder,agrunderq6@huffingtonpost.com,Male,PO Box 37165
944,Welbie,Raggles,wragglesq7@youtu.be,Genderqueer,Suite 14
945,Meagan,Ronnay,mronnayq8@usgs.gov,Female,Apt 835
946,Jacky,Sturm,jsturmq9@netlog.com,Male,9th Floor
947,Angelita,Springthorp,aspringthorpqa@japanpost.jp,Bigender,Room 1273
948,Carrie,Dalwood,cdalwoodqb@technorati.com,Female,Room 1999
949,Cathe,Von Brook,cvonbrookqc@chicagotribune.com,Female,Apt 816
950,Cointon,Brazener,cbrazenerqd@gov.uk,Male,PO Box 60650
951,Genevieve,Bows,gbowsqe@businesswire.com,Female,15th Floor
952,Conny,Davidsson,cdavidssonqf@homestead.com,Male,Suite 54
953,De,Kynastone,dkynastoneqg@usa.gov,Female,Apt 1319
954,Robinette,Miquelet,rmiqueletqh@multiply.com,Non-binary,Suite 48
955,Sunny,Karran,skarranqi@yellowpages.com,Male,Suite 70
956,Lynne,Walch,lwalchqj@addthis.com,Bigender,17th Floor
957,Elvis,Dominico,edominicoqk@phoca.cz,Agender,Suite 13
958,Fae,Cranton,fcrantonql@ameblo.jp,Female,Apt 642
959,Kip,Rodger,krodgerqm@umn.edu,Male,Apt 1686
960,Ranna,Klejin,rklejinqn@taobao.com,Female,Apt 1758
961,Saleem,Bertot,sbertotqo@hhs.gov,Male,Room 88
962,Clare,Boise,cboiseqp@ifeng.com,Male,Suite 43
963,Vachel,Milmo,vmilmoqq@alexa.com,Male,19th Floor
964,Bette-ann,Erwin,berwinqr@cafepress.com,Female,17th Floor
965,Ingaborg,Gateshill,igateshillqs@lulu.com,Female,Suite 17
966,Ezmeralda,Rozier,erozierqt@microsoft.com,Female,Apt 433
967,Rutger,Le Brom,rlebromqu@alexa.com,Male,3rd Floor
968,Basile,Fenny,bfennyqv@columbia.edu,Male,Apt 253
969,Ode,Meneghelli,omeneghelliqw@typepad.com,Male,Apt 1208
970,Emmy,Bicker,ebickerqx@rakuten.co.jp,Female,PO Box 52458
971,Burnard,Marrington,bmarringtonqy@bloglines.com,Male,Apt 463
972,Corenda,Whetnell,cwhetnellqz@bloglovin.com,Female,PO Box 59185
973,Dame,Jessup,djessupr0@digg.com,Male,Room 766
974,Andria,Measor,ameasorr1@ft.com,Female,Suite 12
975,Marlie,Lygoe,mlygoer2@rakuten.co.jp,Female,Suite 49
976,Alexa,Dowman,adowmanr3@skyrock.com,Female,8th Floor
977,Paten,Kirrage,pkirrager4@istockphoto.com,Male,Suite 80
978,Crystie,Ohm,cohmr5@ustream.tv,Female,PO Box 6191
979,Deena,Hessel,dhesselr6@acquirethisname.com,Female,7th Floor
980,Kris,Dewsnap,kdewsnapr7@moonfruit.com,Female,Room 899
981,Nance,Mogg,nmoggr8@wunderground.com,Female,15th Floor
982,Drud,Sara,dsarar9@paypal.com,Male,PO Box 1847
983,Fionna,Loudiane,floudianera@cyberchimps.com,Genderqueer,PO Box 14980
984,Adora,Leadbeater,aleadbeaterrb@oaic.gov.au,Female,PO Box 27002
985,Rudyard,McKerley,rmckerleyrc@amazonaws.com,Male,Apt 1679
986,Hubert,Shakelade,hshakeladerd@archive.org,Male,Apt 1758
987,Lisabeth,Manntschke,lmanntschkere@gov.uk,Female,Room 1173
988,Farrand,Sitlinton,fsitlintonrf@qq.com,Female,Apt 1445
989,Elfreda,Goatman,egoatmanrg@utexas.edu,Female,10th Floor
990,Jasper,Girardoni,jgirardonirh@bluehost.com,Non-binary,15th Floor
991,Lucais,Verry,lverryri@cdbaby.com,Male,Apt 847
992,Benetta,Stillmann,bstillmannrj@howstuffworks.com,Female,Apt 11
993,Hamilton,Lebrun,hlebrunrk@sitemeter.com,Male,11th Floor
994,Kaine,Quinell,kquinellrl@wunderground.com,Male,15th Floor
995,Shermy,Muldoon,smuldoonrm@springer.com,Male,PO Box 88714
996,Johnathan,Parkisson,jparkissonrn@nymag.com,Male,Apt 632
997,Alfredo,Hillock,ahillockro@salon.com,Male,Apt 482
998,Nan,Tedridge,ntedridgerp@edublogs.org,Female,20th Floor
999,Clary,Doche,cdocherq@washingtonpost.com,Female,Suite 69
1000,Weston,Ruselin,wruselinrr@cam.ac.uk,Male,Suite 9
